receptor,drug,status,evidence,oral_exposure
TAS2R1,acetaminophen,unknown,,high
TAS2R10,acetaminophen,unknown,,high
TAS2R13,acetaminophen,unknown,,high
TAS2R14,acetaminophen,unknown,,high
TAS2R16,acetaminophen,unknown,,high
TAS2R2,acetaminophen,unknown,,high
TAS2R3,acetaminophen,unknown,,high
TAS2R38,acetaminophen,unknown,,high
TAS2R39,acetaminophen,known_agonism,BitterDB,high
TAS2R4,acetaminophen,unknown,,high
TAS2R40,acetaminophen,unknown,,high
TAS2R41,acetaminophen,unknown,,high
TAS2R42,acetaminophen,unknown,,high
TAS2R43,acetaminophen,unknown,,high
TAS2R44,acetaminophen,unknown,,high
TAS2R46,acetaminophen,unknown,,high
TAS2R47,acetaminophen,unknown,,high
TAS2R49,acetaminophen,unknown,,high
TAS2R5,acetaminophen,unknown,,high
TAS2R50,acetaminophen,unknown,,high
TAS2R7,acetaminophen,unknown,,high
TAS2R8,acetaminophen,unknown,,high
TAS2R9,acetaminophen,unknown,,high
TAS2R1,ibuprofen,unknown,,high
TAS2R10,ibuprofen,unknown,,high
TAS2R13,ibuprofen,unknown,,high
TAS2R14,ibuprofen,unknown,,high
TAS2R16,ibuprofen,unknown,,high
TAS2R2,ibuprofen,unknown,,high
TAS2R3,ibuprofen,unknown,,high
TAS2R38,ibuprofen,unknown,,high
TAS2R39,ibuprofen,unknown,,high
TAS2R4,ibuprofen,unknown,,high
TAS2R40,ibuprofen,unknown,,high
TAS2R41,ibuprofen,unknown,,high
TAS2R42,ibuprofen,unknown,,high
TAS2R43,ibuprofen,unknown,,high
TAS2R44,ibuprofen,unknown,,high
TAS2R46,ibuprofen,unknown,,high
TAS2R47,ibuprofen,unknown,,high
TAS2R49,ibuprofen,unknown,,high
TAS2R5,ibuprofen,unknown,,high
TAS2R50,ibuprofen,unknown,,high
TAS2R7,ibuprofen,unknown,,high
TAS2R8,ibuprofen,unknown,,high
TAS2R9,ibuprofen,unknown,,high
TAS2R1,aspirin,unknown,,high
TAS2R10,aspirin,unknown,,high
TAS2R13,aspirin,unknown,,high
TAS2R14,aspirin,unknown,,high
TAS2R16,aspirin,unknown,,high
TAS2R2,aspirin,unknown,,high
TAS2R3,aspirin,unknown,,high
TAS2R38,aspirin,unknown,,high
TAS2R39,aspirin,unknown,,high
TAS2R4,aspirin,unknown,,high
TAS2R40,aspirin,unknown,,high
TAS2R41,aspirin,unknown,,high
TAS2R42,aspirin,unknown,,high
TAS2R43,aspirin,unknown,,high
TAS2R44,aspirin,unknown,,high
TAS2R46,aspirin,unknown,,high
TAS2R47,aspirin,unknown,,high
TAS2R49,aspirin,unknown,,high
TAS2R5,aspirin,unknown,,high
TAS2R50,aspirin,unknown,,high
TAS2R7,aspirin,unknown,,high
TAS2R8,aspirin,unknown,,high
TAS2R9,aspirin,unknown,,high
TAS2R1,diclofenac,unknown,,medium
TAS2R10,diclofenac,unknown,,medium
TAS2R13,diclofenac,unknown,,medium
TAS2R14,diclofenac,known_agonism,BitterDB,medium
TAS2R16,diclofenac,unknown,,medium
TAS2R2,diclofenac,unknown,,medium
TAS2R3,diclofenac,unknown,,medium
TAS2R38,diclofenac,unknown,,medium
TAS2R39,diclofenac,unknown,,medium
TAS2R4,diclofenac,unknown,,medium
TAS2R40,diclofenac,unknown,,medium
TAS2R41,diclofenac,unknown,,medium
TAS2R42,diclofenac,unknown,,medium
TAS2R43,diclofenac,unknown,,medium
TAS2R44,diclofenac,unknown,,medium
TAS2R46,diclofenac,unknown,,medium
TAS2R47,diclofenac,unknown,,medium
TAS2R49,diclofenac,unknown,,medium
TAS2R5,diclofenac,unknown,,medium
TAS2R50,diclofenac,unknown,,medium
TAS2R7,diclofenac,unknown,,medium
TAS2R8,diclofenac,unknown,,medium
TAS2R9,diclofenac,unknown,,medium
TAS2R1,naproxen,unknown,,medium
TAS2R10,naproxen,unknown,,medium
TAS2R13,naproxen,unknown,,medium
TAS2R14,naproxen,unknown,,medium
TAS2R16,naproxen,unknown,,medium
TAS2R2,naproxen,unknown,,medium
TAS2R3,naproxen,unknown,,medium
TAS2R38,naproxen,unknown,,medium
TAS2R39,naproxen,unknown,,medium
TAS2R4,naproxen,unknown,,medium
TAS2R40,naproxen,unknown,,medium
TAS2R41,naproxen,unknown,,medium
TAS2R42,naproxen,unknown,,medium
TAS2R43,naproxen,unknown,,medium
TAS2R44,naproxen,unknown,,medium
TAS2R46,naproxen,unknown,,medium
TAS2R47,naproxen,unknown,,medium
TAS2R49,naproxen,unknown,,medium
TAS2R5,naproxen,unknown,,medium
TAS2R50,naproxen,unknown,,medium
TAS2R7,naproxen,unknown,,medium
TAS2R8,naproxen,unknown,,medium
TAS2R9,naproxen,unknown,,medium
TAS2R1,celecoxib,unknown,,low
TAS2R10,celecoxib,unknown,,low
TAS2R13,celecoxib,unknown,,low
TAS2R14,celecoxib,unknown,,low
TAS2R16,celecoxib,unknown,,low
TAS2R2,celecoxib,unknown,,low
TAS2R3,celecoxib,unknown,,low
TAS2R38,celecoxib,unknown,,low
TAS2R39,celecoxib,unknown,,low
TAS2R4,celecoxib,unknown,,low
TAS2R40,celecoxib,unknown,,low
TAS2R41,celecoxib,unknown,,low
TAS2R42,celecoxib,unknown,,low
TAS2R43,celecoxib,unknown,,low
TAS2R44,celecoxib,unknown,,low
TAS2R46,celecoxib,unknown,,low
TAS2R47,celecoxib,unknown,,low
TAS2R49,celecoxib,unknown,,low
TAS2R5,celecoxib,unknown,,low
TAS2R50,celecoxib,unknown,,low
TAS2R7,celecoxib,unknown,,low
TAS2R8,celecoxib,unknown,,low
TAS2R9,celecoxib,unknown,,low
TAS2R1,morphine,unknown,,high
TAS2R10,morphine,unknown,,high
TAS2R13,morphine,unknown,,high
TAS2R14,morphine,unknown,,high
TAS2R16,morphine,unknown,,high
TAS2R2,morphine,unknown,,high
TAS2R3,morphine,unknown,,high
TAS2R38,morphine,unknown,,high
TAS2R39,morphine,unknown,,high
TAS2R4,morphine,unknown,,high
TAS2R40,morphine,unknown,,high
TAS2R41,morphine,unknown,,high
TAS2R42,morphine,unknown,,high
TAS2R43,morphine,unknown,,high
TAS2R44,morphine,unknown,,high
TAS2R46,morphine,unknown,,high
TAS2R47,morphine,unknown,,high
TAS2R49,morphine,unknown,,high
TAS2R5,morphine,unknown,,high
TAS2R50,morphine,unknown,,high
TAS2R7,morphine,unknown,,high
TAS2R8,morphine,unknown,,high
TAS2R9,morphine,unknown,,high
TAS2R1,codeine,unknown,,medium
TAS2R10,codeine,unknown,,medium
TAS2R13,codeine,unknown,,medium
TAS2R14,codeine,unknown,,medium
TAS2R16,codeine,unknown,,medium
TAS2R2,codeine,unknown,,medium
TAS2R3,codeine,unknown,,medium
TAS2R38,codeine,unknown,,medium
TAS2R39,codeine,unknown,,medium
TAS2R4,codeine,unknown,,medium
TAS2R40,codeine,unknown,,medium
TAS2R41,codeine,unknown,,medium
TAS2R42,codeine,unknown,,medium
TAS2R43,codeine,unknown,,medium
TAS2R44,codeine,unknown,,medium
TAS2R46,codeine,unknown,,medium
TAS2R47,codeine,unknown,,medium
TAS2R49,codeine,unknown,,medium
TAS2R5,codeine,unknown,,medium
TAS2R50,codeine,unknown,,medium
TAS2R7,codeine,unknown,,medium
TAS2R8,codeine,unknown,,medium
TAS2R9,codeine,unknown,,medium
TAS2R1,oxycodone,unknown,,medium
TAS2R10,oxycodone,unknown,,medium
TAS2R13,oxycodone,unknown,,medium
TAS2R14,oxycodone,unknown,,medium
TAS2R16,oxycodone,unknown,,medium
TAS2R2,oxycodone,unknown,,medium
TAS2R3,oxycodone,unknown,,medium
TAS2R38,oxycodone,unknown,,medium
TAS2R39,oxycodone,unknown,,medium
TAS2R4,oxycodone,unknown,,medium
TAS2R40,oxycodone,unknown,,medium
TAS2R41,oxycodone,unknown,,medium
TAS2R42,oxycodone,unknown,,medium
TAS2R43,oxycodone,unknown,,medium
TAS2R44,oxycodone,unknown,,medium
TAS2R46,oxycodone,unknown,,medium
TAS2R47,oxycodone,unknown,,medium
TAS2R49,oxycodone,unknown,,medium
TAS2R5,oxycodone,unknown,,medium
TAS2R50,oxycodone,unknown,,medium
TAS2R7,oxycodone,unknown,,medium
TAS2R8,oxycodone,unknown,,medium
TAS2R9,oxycodone,unknown,,medium
TAS2R1,tramadol,unknown,,medium
TAS2R10,tramadol,unknown,,medium
TAS2R13,tramadol,unknown,,medium
TAS2R14,tramadol,unknown,,medium
TAS2R16,tramadol,unknown,,medium
TAS2R2,tramadol,unknown,,medium
TAS2R3,tramadol,unknown,,medium
TAS2R38,tramadol,unknown,,medium
TAS2R39,tramadol,unknown,,medium
TAS2R4,tramadol,unknown,,medium
TAS2R40,tramadol,unknown,,medium
TAS2R41,tramadol,unknown,,medium
TAS2R42,tramadol,unknown,,medium
TAS2R43,tramadol,unknown,,medium
TAS2R44,tramadol,unknown,,medium
TAS2R46,tramadol,unknown,,medium
TAS2R47,tramadol,unknown,,medium
TAS2R49,tramadol,unknown,,medium
TAS2R5,tramadol,unknown,,medium
TAS2R50,tramadol,unknown,,medium
TAS2R7,tramadol,unknown,,medium
TAS2R8,tramadol,unknown,,medium
TAS2R9,tramadol,unknown,,medium
TAS2R1,metformin,unknown,,high
TAS2R10,metformin,unknown,,high
TAS2R13,metformin,unknown,,high
TAS2R14,metformin,unknown,,high
TAS2R16,metformin,unknown,,high
TAS2R2,metformin,unknown,,high
TAS2R3,metformin,unknown,,high
TAS2R38,metformin,unknown,,high
TAS2R39,metformin,unknown,,high
TAS2R4,metformin,unknown,,high
TAS2R40,metformin,unknown,,high
TAS2R41,metformin,unknown,,high
TAS2R42,metformin,unknown,,high
TAS2R43,metformin,unknown,,high
TAS2R44,metformin,unknown,,high
TAS2R46,metformin,unknown,,high
TAS2R47,metformin,unknown,,high
TAS2R49,metformin,unknown,,high
TAS2R5,metformin,unknown,,high
TAS2R50,metformin,unknown,,high
TAS2R7,metformin,unknown,,high
TAS2R8,metformin,unknown,,high
TAS2R9,metformin,unknown,,high
TAS2R1,gliclazide,unknown,,medium
TAS2R10,gliclazide,unknown,,medium
TAS2R13,gliclazide,unknown,,medium
TAS2R14,gliclazide,unknown,,medium
TAS2R16,gliclazide,unknown,,medium
TAS2R2,gliclazide,unknown,,medium
TAS2R3,gliclazide,unknown,,medium
TAS2R38,gliclazide,unknown,,medium
TAS2R39,gliclazide,unknown,,medium
TAS2R4,gliclazide,unknown,,medium
TAS2R40,gliclazide,unknown,,medium
TAS2R41,gliclazide,unknown,,medium
TAS2R42,gliclazide,unknown,,medium
TAS2R43,gliclazide,unknown,,medium
TAS2R44,gliclazide,unknown,,medium
TAS2R46,gliclazide,unknown,,medium
TAS2R47,gliclazide,unknown,,medium
TAS2R49,gliclazide,unknown,,medium
TAS2R5,gliclazide,unknown,,medium
TAS2R50,gliclazide,unknown,,medium
TAS2R7,gliclazide,unknown,,medium
TAS2R8,gliclazide,unknown,,medium
TAS2R9,gliclazide,unknown,,medium
TAS2R1,sitagliptin,unknown,,low
TAS2R10,sitagliptin,unknown,,low
TAS2R13,sitagliptin,unknown,,low
TAS2R14,sitagliptin,unknown,,low
TAS2R16,sitagliptin,unknown,,low
TAS2R2,sitagliptin,unknown,,low
TAS2R3,sitagliptin,unknown,,low
TAS2R38,sitagliptin,unknown,,low
TAS2R39,sitagliptin,unknown,,low
TAS2R4,sitagliptin,unknown,,low
TAS2R40,sitagliptin,unknown,,low
TAS2R41,sitagliptin,unknown,,low
TAS2R42,sitagliptin,unknown,,low
TAS2R43,sitagliptin,unknown,,low
TAS2R44,sitagliptin,unknown,,low
TAS2R46,sitagliptin,unknown,,low
TAS2R47,sitagliptin,unknown,,low
TAS2R49,sitagliptin,unknown,,low
TAS2R5,sitagliptin,unknown,,low
TAS2R50,sitagliptin,unknown,,low
TAS2R7,sitagliptin,unknown,,low
TAS2R8,sitagliptin,unknown,,low
TAS2R9,sitagliptin,unknown,,low
TAS2R1,empagliflozin,unknown,,low
TAS2R10,empagliflozin,unknown,,low
TAS2R13,empagliflozin,unknown,,low
TAS2R14,empagliflozin,unknown,,low
TAS2R16,empagliflozin,unknown,,low
TAS2R2,empagliflozin,unknown,,low
TAS2R3,empagliflozin,unknown,,low
TAS2R38,empagliflozin,unknown,,low
TAS2R39,empagliflozin,unknown,,low
TAS2R4,empagliflozin,unknown,,low
TAS2R40,empagliflozin,unknown,,low
TAS2R41,empagliflozin,unknown,,low
TAS2R42,empagliflozin,unknown,,low
TAS2R43,empagliflozin,unknown,,low
TAS2R44,empagliflozin,unknown,,low
TAS2R46,empagliflozin,unknown,,low
TAS2R47,empagliflozin,unknown,,low
TAS2R49,empagliflozin,unknown,,low
TAS2R5,empagliflozin,unknown,,low
TAS2R50,empagliflozin,unknown,,low
TAS2R7,empagliflozin,unknown,,low
TAS2R8,empagliflozin,unknown,,low
TAS2R9,empagliflozin,unknown,,low
TAS2R1,insulin,unknown,,none
TAS2R10,insulin,unknown,,none
TAS2R13,insulin,unknown,,none
TAS2R14,insulin,unknown,,none
TAS2R16,insulin,unknown,,none
TAS2R2,insulin,unknown,,none
TAS2R3,insulin,unknown,,none
TAS2R38,insulin,unknown,,none
TAS2R39,insulin,unknown,,none
TAS2R4,insulin,unknown,,none
TAS2R40,insulin,unknown,,none
TAS2R41,insulin,unknown,,none
TAS2R42,insulin,unknown,,none
TAS2R43,insulin,unknown,,none
TAS2R44,insulin,unknown,,none
TAS2R46,insulin,unknown,,none
TAS2R47,insulin,unknown,,none
TAS2R49,insulin,unknown,,none
TAS2R5,insulin,unknown,,none
TAS2R50,insulin,unknown,,none
TAS2R7,insulin,unknown,,none
TAS2R8,insulin,unknown,,none
TAS2R9,insulin,unknown,,none
TAS2R1,warfarin,unknown,,medium
TAS2R10,warfarin,unknown,,medium
TAS2R13,warfarin,unknown,,medium
TAS2R14,warfarin,unknown,,medium
TAS2R16,warfarin,unknown,,medium
TAS2R2,warfarin,unknown,,medium
TAS2R3,warfarin,unknown,,medium
TAS2R38,warfarin,unknown,,medium
TAS2R39,warfarin,unknown,,medium
TAS2R4,warfarin,unknown,,medium
TAS2R40,warfarin,unknown,,medium
TAS2R41,warfarin,unknown,,medium
TAS2R42,warfarin,unknown,,medium
TAS2R43,warfarin,unknown,,medium
TAS2R44,warfarin,unknown,,medium
TAS2R46,warfarin,unknown,,medium
TAS2R47,warfarin,unknown,,medium
TAS2R49,warfarin,unknown,,medium
TAS2R5,warfarin,unknown,,medium
TAS2R50,warfarin,unknown,,medium
TAS2R7,warfarin,unknown,,medium
TAS2R8,warfarin,unknown,,medium
TAS2R9,warfarin,unknown,,medium
TAS2R1,apixaban,unknown,,low
TAS2R10,apixaban,unknown,,low
TAS2R13,apixaban,unknown,,low
TAS2R14,apixaban,unknown,,low
TAS2R16,apixaban,unknown,,low
TAS2R2,apixaban,unknown,,low
TAS2R3,apixaban,unknown,,low
TAS2R38,apixaban,unknown,,low
TAS2R39,apixaban,unknown,,low
TAS2R4,apixaban,unknown,,low
TAS2R40,apixaban,unknown,,low
TAS2R41,apixaban,unknown,,low
TAS2R42,apixaban,unknown,,low
TAS2R43,apixaban,unknown,,low
TAS2R44,apixaban,unknown,,low
TAS2R46,apixaban,unknown,,low
TAS2R47,apixaban,unknown,,low
TAS2R49,apixaban,unknown,,low
TAS2R5,apixaban,unknown,,low
TAS2R50,apixaban,unknown,,low
TAS2R7,apixaban,unknown,,low
TAS2R8,apixaban,unknown,,low
TAS2R9,apixaban,unknown,,low
TAS2R1,clopidogrel,unknown,,low
TAS2R10,clopidogrel,unknown,,low
TAS2R13,clopidogrel,unknown,,low
TAS2R14,clopidogrel,unknown,,low
TAS2R16,clopidogrel,unknown,,low
TAS2R2,clopidogrel,unknown,,low
TAS2R3,clopidogrel,unknown,,low
TAS2R38,clopidogrel,unknown,,low
TAS2R39,clopidogrel,unknown,,low
TAS2R4,clopidogrel,unknown,,low
TAS2R40,clopidogrel,unknown,,low
TAS2R41,clopidogrel,unknown,,low
TAS2R42,clopidogrel,unknown,,low
TAS2R43,clopidogrel,unknown,,low
TAS2R44,clopidogrel,unknown,,low
TAS2R46,clopidogrel,unknown,,low
TAS2R47,clopidogrel,unknown,,low
TAS2R49,clopidogrel,unknown,,low
TAS2R5,clopidogrel,unknown,,low
TAS2R50,clopidogrel,unknown,,low
TAS2R7,clopidogrel,unknown,,low
TAS2R8,clopidogrel,unknown,,low
TAS2R9,clopidogrel,unknown,,low
TAS2R1,atorvastatin,unknown,,low
TAS2R10,atorvastatin,unknown,,low
TAS2R13,atorvastatin,unknown,,low
TAS2R14,atorvastatin,unknown,,low
TAS2R16,atorvastatin,unknown,,low
TAS2R2,atorvastatin,unknown,,low
TAS2R3,atorvastatin,unknown,,low
TAS2R38,atorvastatin,unknown,,low
TAS2R39,atorvastatin,unknown,,low
TAS2R4,atorvastatin,unknown,,low
TAS2R40,atorvastatin,unknown,,low
TAS2R41,atorvastatin,unknown,,low
TAS2R42,atorvastatin,unknown,,low
TAS2R43,atorvastatin,unknown,,low
TAS2R44,atorvastatin,unknown,,low
TAS2R46,atorvastatin,unknown,,low
TAS2R47,atorvastatin,unknown,,low
TAS2R49,atorvastatin,unknown,,low
TAS2R5,atorvastatin,unknown,,low
TAS2R50,atorvastatin,unknown,,low
TAS2R7,atorvastatin,unknown,,low
TAS2R8,atorvastatin,unknown,,low
TAS2R9,atorvastatin,unknown,,low
TAS2R1,rosuvastatin,unknown,,low
TAS2R10,rosuvastatin,unknown,,low
TAS2R13,rosuvastatin,unknown,,low
TAS2R14,rosuvastatin,unknown,,low
TAS2R16,rosuvastatin,unknown,,low
TAS2R2,rosuvastatin,unknown,,low
TAS2R3,rosuvastatin,unknown,,low
TAS2R38,rosuvastatin,unknown,,low
TAS2R39,rosuvastatin,unknown,,low
TAS2R4,rosuvastatin,unknown,,low
TAS2R40,rosuvastatin,unknown,,low
TAS2R41,rosuvastatin,unknown,,low
TAS2R42,rosuvastatin,unknown,,low
TAS2R43,rosuvastatin,unknown,,low
TAS2R44,rosuvastatin,unknown,,low
TAS2R46,rosuvastatin,unknown,,low
TAS2R47,rosuvastatin,unknown,,low
TAS2R49,rosuvastatin,unknown,,low
TAS2R5,rosuvastatin,unknown,,low
TAS2R50,rosuvastatin,unknown,,low
TAS2R7,rosuvastatin,unknown,,low
TAS2R8,rosuvastatin,unknown,,low
TAS2R9,rosuvastatin,unknown,,low
TAS2R1,pravastatin,unknown,,low
TAS2R10,pravastatin,unknown,,low
TAS2R13,pravastatin,unknown,,low
TAS2R14,pravastatin,unknown,,low
TAS2R16,pravastatin,unknown,,low
TAS2R2,pravastatin,unknown,,low
TAS2R3,pravastatin,unknown,,low
TAS2R38,pravastatin,unknown,,low
TAS2R39,pravastatin,unknown,,low
TAS2R4,pravastatin,unknown,,low
TAS2R40,pravastatin,unknown,,low
TAS2R41,pravastatin,unknown,,low
TAS2R42,pravastatin,unknown,,low
TAS2R43,pravastatin,unknown,,low
TAS2R44,pravastatin,unknown,,low
TAS2R46,pravastatin,unknown,,low
TAS2R47,pravastatin,unknown,,low
TAS2R49,pravastatin,unknown,,low
TAS2R5,pravastatin,unknown,,low
TAS2R50,pravastatin,unknown,,low
TAS2R7,pravastatin,unknown,,low
TAS2R8,pravastatin,unknown,,low
TAS2R9,pravastatin,unknown,,low
TAS2R1,ezetimibe,unknown,,low
TAS2R10,ezetimibe,unknown,,low
TAS2R13,ezetimibe,unknown,,low
TAS2R14,ezetimibe,unknown,,low
TAS2R16,ezetimibe,unknown,,low
TAS2R2,ezetimibe,unknown,,low
TAS2R3,ezetimibe,unknown,,low
TAS2R38,ezetimibe,unknown,,low
TAS2R39,ezetimibe,unknown,,low
TAS2R4,ezetimibe,unknown,,low
TAS2R40,ezetimibe,unknown,,low
TAS2R41,ezetimibe,unknown,,low
TAS2R42,ezetimibe,unknown,,low
TAS2R43,ezetimibe,unknown,,low
TAS2R44,ezetimibe,unknown,,low
TAS2R46,ezetimibe,unknown,,low
TAS2R47,ezetimibe,unknown,,low
TAS2R49,ezetimibe,unknown,,low
TAS2R5,ezetimibe,unknown,,low
TAS2R50,ezetimibe,unknown,,low
TAS2R7,ezetimibe,unknown,,low
TAS2R8,ezetimibe,unknown,,low
TAS2R9,ezetimibe,unknown,,low
TAS2R1,amlodipine,unknown,,medium
TAS2R10,amlodipine,unknown,,medium
TAS2R13,amlodipine,unknown,,medium
TAS2R14,amlodipine,unknown,,medium
TAS2R16,amlodipine,unknown,,medium
TAS2R2,amlodipine,unknown,,medium
TAS2R3,amlodipine,unknown,,medium
TAS2R38,amlodipine,unknown,,medium
TAS2R39,amlodipine,unknown,,medium
TAS2R4,amlodipine,unknown,,medium
TAS2R40,amlodipine,unknown,,medium
TAS2R41,amlodipine,unknown,,medium
TAS2R42,amlodipine,unknown,,medium
TAS2R43,amlodipine,unknown,,medium
TAS2R44,amlodipine,unknown,,medium
TAS2R46,amlodipine,unknown,,medium
TAS2R47,amlodipine,unknown,,medium
TAS2R49,amlodipine,unknown,,medium
TAS2R5,amlodipine,unknown,,medium
TAS2R50,amlodipine,unknown,,medium
TAS2R7,amlodipine,unknown,,medium
TAS2R8,amlodipine,unknown,,medium
TAS2R9,amlodipine,unknown,,medium
TAS2R1,nifedipine,unknown,,medium
TAS2R10,nifedipine,unknown,,medium
TAS2R13,nifedipine,unknown,,medium
TAS2R14,nifedipine,unknown,,medium
TAS2R16,nifedipine,unknown,,medium
TAS2R2,nifedipine,unknown,,medium
TAS2R3,nifedipine,unknown,,medium
TAS2R38,nifedipine,unknown,,medium
TAS2R39,nifedipine,unknown,,medium
TAS2R4,nifedipine,unknown,,medium
TAS2R40,nifedipine,unknown,,medium
TAS2R41,nifedipine,unknown,,medium
TAS2R42,nifedipine,unknown,,medium
TAS2R43,nifedipine,unknown,,medium
TAS2R44,nifedipine,unknown,,medium
TAS2R46,nifedipine,unknown,,medium
TAS2R47,nifedipine,unknown,,medium
TAS2R49,nifedipine,unknown,,medium
TAS2R5,nifedipine,unknown,,medium
TAS2R50,nifedipine,unknown,,medium
TAS2R7,nifedipine,unknown,,medium
TAS2R8,nifedipine,unknown,,medium
TAS2R9,nifedipine,unknown,,medium
TAS2R1,losartan,unknown,,medium
TAS2R10,losartan,unknown,,medium
TAS2R13,losartan,unknown,,medium
TAS2R14,losartan,unknown,,medium
TAS2R16,losartan,unknown,,medium
TAS2R2,losartan,unknown,,medium
TAS2R3,losartan,unknown,,medium
TAS2R38,losartan,unknown,,medium
TAS2R39,losartan,unknown,,medium
TAS2R4,losartan,unknown,,medium
TAS2R40,losartan,unknown,,medium
TAS2R41,losartan,unknown,,medium
TAS2R42,losartan,unknown,,medium
TAS2R43,losartan,unknown,,medium
TAS2R44,losartan,unknown,,medium
TAS2R46,losartan,unknown,,medium
TAS2R47,losartan,unknown,,medium
TAS2R49,losartan,unknown,,medium
TAS2R5,losartan,unknown,,medium
TAS2R50,losartan,unknown,,medium
TAS2R7,losartan,unknown,,medium
TAS2R8,losartan,unknown,,medium
TAS2R9,losartan,unknown,,medium
TAS2R1,valsartan,unknown,,medium
TAS2R10,valsartan,unknown,,medium
TAS2R13,valsartan,unknown,,medium
TAS2R14,valsartan,unknown,,medium
TAS2R16,valsartan,unknown,,medium
TAS2R2,valsartan,unknown,,medium
TAS2R3,valsartan,unknown,,medium
TAS2R38,valsartan,unknown,,medium
TAS2R39,valsartan,unknown,,medium
TAS2R4,valsartan,unknown,,medium
TAS2R40,valsartan,unknown,,medium
TAS2R41,valsartan,unknown,,medium
TAS2R42,valsartan,unknown,,medium
TAS2R43,valsartan,unknown,,medium
TAS2R44,valsartan,unknown,,medium
TAS2R46,valsartan,unknown,,medium
TAS2R47,valsartan,unknown,,medium
TAS2R49,valsartan,unknown,,medium
TAS2R5,valsartan,unknown,,medium
TAS2R50,valsartan,unknown,,medium
TAS2R7,valsartan,unknown,,medium
TAS2R8,valsartan,unknown,,medium
TAS2R9,valsartan,unknown,,medium
TAS2R1,candesartan,unknown,,medium
TAS2R10,candesartan,unknown,,medium
TAS2R13,candesartan,unknown,,medium
TAS2R14,candesartan,unknown,,medium
TAS2R16,candesartan,unknown,,medium
TAS2R2,candesartan,unknown,,medium
TAS2R3,candesartan,unknown,,medium
TAS2R38,candesartan,unknown,,medium
TAS2R39,candesartan,unknown,,medium
TAS2R4,candesartan,unknown,,medium
TAS2R40,candesartan,unknown,,medium
TAS2R41,candesartan,unknown,,medium
TAS2R42,candesartan,unknown,,medium
TAS2R43,candesartan,unknown,,medium
TAS2R44,candesartan,unknown,,medium
TAS2R46,candesartan,unknown,,medium
TAS2R47,candesartan,unknown,,medium
TAS2R49,candesartan,unknown,,medium
TAS2R5,candesartan,unknown,,medium
TAS2R50,candesartan,unknown,,medium
TAS2R7,candesartan,unknown,,medium
TAS2R8,candesartan,unknown,,medium
TAS2R9,candesartan,unknown,,medium
TAS2R1,enalapril,unknown,,medium
TAS2R10,enalapril,unknown,,medium
TAS2R13,enalapril,unknown,,medium
TAS2R14,enalapril,unknown,,medium
TAS2R16,enalapril,unknown,,medium
TAS2R2,enalapril,unknown,,medium
TAS2R3,enalapril,unknown,,medium
TAS2R38,enalapril,unknown,,medium
TAS2R39,enalapril,unknown,,medium
TAS2R4,enalapril,unknown,,medium
TAS2R40,enalapril,unknown,,medium
TAS2R41,enalapril,unknown,,medium
TAS2R42,enalapril,unknown,,medium
TAS2R43,enalapril,unknown,,medium
TAS2R44,enalapril,unknown,,medium
TAS2R46,enalapril,unknown,,medium
TAS2R47,enalapril,unknown,,medium
TAS2R49,enalapril,unknown,,medium
TAS2R5,enalapril,unknown,,medium
TAS2R50,enalapril,unknown,,medium
TAS2R7,enalapril,unknown,,medium
TAS2R8,enalapril,unknown,,medium
TAS2R9,enalapril,unknown,,medium
TAS2R1,furosemide,unknown,,medium
TAS2R10,furosemide,unknown,,medium
TAS2R13,furosemide,unknown,,medium
TAS2R14,furosemide,unknown,,medium
TAS2R16,furosemide,unknown,,medium
TAS2R2,furosemide,unknown,,medium
TAS2R3,furosemide,unknown,,medium
TAS2R38,furosemide,unknown,,medium
TAS2R39,furosemide,unknown,,medium
TAS2R4,furosemide,unknown,,medium
TAS2R40,furosemide,unknown,,medium
TAS2R41,furosemide,unknown,,medium
TAS2R42,furosemide,unknown,,medium
TAS2R43,furosemide,unknown,,medium
TAS2R44,furosemide,unknown,,medium
TAS2R46,furosemide,unknown,,medium
TAS2R47,furosemide,unknown,,medium
TAS2R49,furosemide,unknown,,medium
TAS2R5,furosemide,unknown,,medium
TAS2R50,furosemide,unknown,,medium
TAS2R7,furosemide,unknown,,medium
TAS2R8,furosemide,unknown,,medium
TAS2R9,furosemide,unknown,,medium
TAS2R1,spironolactone,unknown,,medium
TAS2R10,spironolactone,unknown,,medium
TAS2R13,spironolactone,unknown,,medium
TAS2R14,spironolactone,known_agonism,BitterDB,medium
TAS2R16,spironolactone,unknown,,medium
TAS2R2,spironolactone,unknown,,medium
TAS2R3,spironolactone,unknown,,medium
TAS2R38,spironolactone,unknown,,medium
TAS2R39,spironolactone,unknown,,medium
TAS2R4,spironolactone,unknown,,medium
TAS2R40,spironolactone,unknown,,medium
TAS2R41,spironolactone,unknown,,medium
TAS2R42,spironolactone,unknown,,medium
TAS2R43,spironolactone,unknown,,medium
TAS2R44,spironolactone,unknown,,medium
TAS2R46,spironolactone,unknown,,medium
TAS2R47,spironolactone,unknown,,medium
TAS2R49,spironolactone,unknown,,medium
TAS2R5,spironolactone,unknown,,medium
TAS2R50,spironolactone,unknown,,medium
TAS2R7,spironolactone,unknown,,medium
TAS2R8,spironolactone,unknown,,medium
TAS2R9,spironolactone,unknown,,medium
TAS2R1,hydrochlorothiazide,unknown,,medium
TAS2R10,hydrochlorothiazide,unknown,,medium
TAS2R13,hydrochlorothiazide,unknown,,medium
TAS2R14,hydrochlorothiazide,unknown,,medium
TAS2R16,hydrochlorothiazide,unknown,,medium
TAS2R2,hydrochlorothiazide,unknown,,medium
TAS2R3,hydrochlorothiazide,unknown,,medium
TAS2R38,hydrochlorothiazide,unknown,,medium
TAS2R39,hydrochlorothiazide,unknown,,medium
TAS2R4,hydrochlorothiazide,unknown,,medium
TAS2R40,hydrochlorothiazide,unknown,,medium
TAS2R41,hydrochlorothiazide,unknown,,medium
TAS2R42,hydrochlorothiazide,unknown,,medium
TAS2R43,hydrochlorothiazide,unknown,,medium
TAS2R44,hydrochlorothiazide,unknown,,medium
TAS2R46,hydrochlorothiazide,unknown,,medium
TAS2R47,hydrochlorothiazide,unknown,,medium
TAS2R49,hydrochlorothiazide,unknown,,medium
TAS2R5,hydrochlorothiazide,unknown,,medium
TAS2R50,hydrochlorothiazide,unknown,,medium
TAS2R7,hydrochlorothiazide,unknown,,medium
TAS2R8,hydrochlorothiazide,unknown,,medium
TAS2R9,hydrochlorothiazide,unknown,,medium
TAS2R1,metoprolol,unknown,,medium
TAS2R10,metoprolol,unknown,,medium
TAS2R13,metoprolol,unknown,,medium
TAS2R14,metoprolol,unknown,,medium
TAS2R16,metoprolol,unknown,,medium
TAS2R2,metoprolol,unknown,,medium
TAS2R3,metoprolol,unknown,,medium
TAS2R38,metoprolol,unknown,,medium
TAS2R39,metoprolol,unknown,,medium
TAS2R4,metoprolol,unknown,,medium
TAS2R40,metoprolol,unknown,,medium
TAS2R41,metoprolol,unknown,,medium
TAS2R42,metoprolol,unknown,,medium
TAS2R43,metoprolol,unknown,,medium
TAS2R44,metoprolol,unknown,,medium
TAS2R46,metoprolol,unknown,,medium
TAS2R47,metoprolol,unknown,,medium
TAS2R49,metoprolol,unknown,,medium
TAS2R5,metoprolol,unknown,,medium
TAS2R50,metoprolol,unknown,,medium
TAS2R7,metoprolol,unknown,,medium
TAS2R8,metoprolol,unknown,,medium
TAS2R9,metoprolol,unknown,,medium
TAS2R1,propranolol,unknown,,medium
TAS2R10,propranolol,unknown,,medium
TAS2R13,propranolol,unknown,,medium
TAS2R14,propranolol,unknown,,medium
TAS2R16,propranolol,unknown,,medium
TAS2R2,propranolol,unknown,,medium
TAS2R3,propranolol,unknown,,medium
TAS2R38,propranolol,unknown,,medium
TAS2R39,propranolol,unknown,,medium
TAS2R4,propranolol,unknown,,medium
TAS2R40,propranolol,unknown,,medium
TAS2R41,propranolol,unknown,,medium
TAS2R42,propranolol,unknown,,medium
TAS2R43,propranolol,unknown,,medium
TAS2R44,propranolol,unknown,,medium
TAS2R46,propranolol,unknown,,medium
TAS2R47,propranolol,unknown,,medium
TAS2R49,propranolol,unknown,,medium
TAS2R5,propranolol,unknown,,medium
TAS2R50,propranolol,unknown,,medium
TAS2R7,propranolol,unknown,,medium
TAS2R8,propranolol,unknown,,medium
TAS2R9,propranolol,unknown,,medium
TAS2R1,atenolol,unknown,,medium
TAS2R10,atenolol,unknown,,medium
TAS2R13,atenolol,unknown,,medium
TAS2R14,atenolol,unknown,,medium
TAS2R16,atenolol,unknown,,medium
TAS2R2,atenolol,unknown,,medium
TAS2R3,atenolol,unknown,,medium
TAS2R38,atenolol,unknown,,medium
TAS2R39,atenolol,unknown,,medium
TAS2R4,atenolol,unknown,,medium
TAS2R40,atenolol,unknown,,medium
TAS2R41,atenolol,unknown,,medium
TAS2R42,atenolol,unknown,,medium
TAS2R43,atenolol,unknown,,medium
TAS2R44,atenolol,unknown,,medium
TAS2R46,atenolol,unknown,,medium
TAS2R47,atenolol,unknown,,medium
TAS2R49,atenolol,unknown,,medium
TAS2R5,atenolol,unknown,,medium
TAS2R50,atenolol,unknown,,medium
TAS2R7,atenolol,unknown,,medium
TAS2R8,atenolol,unknown,,medium
TAS2R9,atenolol,unknown,,medium
TAS2R1,carvedilol,unknown,,medium
TAS2R10,carvedilol,unknown,,medium
TAS2R13,carvedilol,unknown,,medium
TAS2R14,carvedilol,unknown,,medium
TAS2R16,carvedilol,unknown,,medium
TAS2R2,carvedilol,unknown,,medium
TAS2R3,carvedilol,unknown,,medium
TAS2R38,carvedilol,unknown,,medium
TAS2R39,carvedilol,unknown,,medium
TAS2R4,carvedilol,unknown,,medium
TAS2R40,carvedilol,unknown,,medium
TAS2R41,carvedilol,unknown,,medium
TAS2R42,carvedilol,unknown,,medium
TAS2R43,carvedilol,unknown,,medium
TAS2R44,carvedilol,unknown,,medium
TAS2R46,carvedilol,unknown,,medium
TAS2R47,carvedilol,unknown,,medium
TAS2R49,carvedilol,unknown,,medium
TAS2R5,carvedilol,unknown,,medium
TAS2R50,carvedilol,unknown,,medium
TAS2R7,carvedilol,unknown,,medium
TAS2R8,carvedilol,unknown,,medium
TAS2R9,carvedilol,unknown,,medium
TAS2R1,levothyroxine,unknown,,medium
TAS2R10,levothyroxine,unknown,,medium
TAS2R13,levothyroxine,unknown,,medium
TAS2R14,levothyroxine,unknown,,medium
TAS2R16,levothyroxine,unknown,,medium
TAS2R2,levothyroxine,unknown,,medium
TAS2R3,levothyroxine,unknown,,medium
TAS2R38,levothyroxine,unknown,,medium
TAS2R39,levothyroxine,unknown,,medium
TAS2R4,levothyroxine,unknown,,medium
TAS2R40,levothyroxine,unknown,,medium
TAS2R41,levothyroxine,unknown,,medium
TAS2R42,levothyroxine,unknown,,medium
TAS2R43,levothyroxine,unknown,,medium
TAS2R44,levothyroxine,unknown,,medium
TAS2R46,levothyroxine,unknown,,medium
TAS2R47,levothyroxine,unknown,,medium
TAS2R49,levothyroxine,unknown,,medium
TAS2R5,levothyroxine,unknown,,medium
TAS2R50,levothyroxine,unknown,,medium
TAS2R7,levothyroxine,unknown,,medium
TAS2R8,levothyroxine,unknown,,medium
TAS2R9,levothyroxine,unknown,,medium
TAS2R1,omeprazole,unknown,,low
TAS2R10,omeprazole,unknown,,low
TAS2R13,omeprazole,unknown,,low
TAS2R14,omeprazole,unknown,,low
TAS2R16,omeprazole,unknown,,low
TAS2R2,omeprazole,unknown,,low
TAS2R3,omeprazole,unknown,,low
TAS2R38,omeprazole,unknown,,low
TAS2R39,omeprazole,unknown,,low
TAS2R4,omeprazole,unknown,,low
TAS2R40,omeprazole,unknown,,low
TAS2R41,omeprazole,unknown,,low
TAS2R42,omeprazole,unknown,,low
TAS2R43,omeprazole,unknown,,low
TAS2R44,omeprazole,unknown,,low
TAS2R46,omeprazole,unknown,,low
TAS2R47,omeprazole,unknown,,low
TAS2R49,omeprazole,unknown,,low
TAS2R5,omeprazole,unknown,,low
TAS2R50,omeprazole,unknown,,low
TAS2R7,omeprazole,unknown,,low
TAS2R8,omeprazole,unknown,,low
TAS2R9,omeprazole,unknown,,low
TAS2R1,esomeprazole,unknown,,low
TAS2R10,esomeprazole,unknown,,low
TAS2R13,esomeprazole,unknown,,low
TAS2R14,esomeprazole,unknown,,low
TAS2R16,esomeprazole,unknown,,low
TAS2R2,esomeprazole,unknown,,low
TAS2R3,esomeprazole,unknown,,low
TAS2R38,esomeprazole,unknown,,low
TAS2R39,esomeprazole,unknown,,low
TAS2R4,esomeprazole,unknown,,low
TAS2R40,esomeprazole,unknown,,low
TAS2R41,esomeprazole,unknown,,low
TAS2R42,esomeprazole,unknown,,low
TAS2R43,esomeprazole,unknown,,low
TAS2R44,esomeprazole,unknown,,low
TAS2R46,esomeprazole,unknown,,low
TAS2R47,esomeprazole,unknown,,low
TAS2R49,esomeprazole,unknown,,low
TAS2R5,esomeprazole,unknown,,low
TAS2R50,esomeprazole,unknown,,low
TAS2R7,esomeprazole,unknown,,low
TAS2R8,esomeprazole,unknown,,low
TAS2R9,esomeprazole,unknown,,low
TAS2R1,lansoprazole,unknown,,low
TAS2R10,lansoprazole,unknown,,low
TAS2R13,lansoprazole,unknown,,low
TAS2R14,lansoprazole,unknown,,low
TAS2R16,lansoprazole,unknown,,low
TAS2R2,lansoprazole,unknown,,low
TAS2R3,lansoprazole,unknown,,low
TAS2R38,lansoprazole,unknown,,low
TAS2R39,lansoprazole,unknown,,low
TAS2R4,lansoprazole,unknown,,low
TAS2R40,lansoprazole,unknown,,low
TAS2R41,lansoprazole,unknown,,low
TAS2R42,lansoprazole,unknown,,low
TAS2R43,lansoprazole,unknown,,low
TAS2R44,lansoprazole,unknown,,low
TAS2R46,lansoprazole,unknown,,low
TAS2R47,lansoprazole,unknown,,low
TAS2R49,lansoprazole,unknown,,low
TAS2R5,lansoprazole,unknown,,low
TAS2R50,lansoprazole,unknown,,low
TAS2R7,lansoprazole,unknown,,low
TAS2R8,lansoprazole,unknown,,low
TAS2R9,lansoprazole,unknown,,low
TAS2R1,famotidine,unknown,,low
TAS2R10,famotidine,known_agonism,BitterDB,low
TAS2R13,famotidine,unknown,,low
TAS2R14,famotidine,unknown,,low
TAS2R16,famotidine,unknown,,low
TAS2R2,famotidine,unknown,,low
TAS2R3,famotidine,unknown,,low
TAS2R38,famotidine,unknown,,low
TAS2R39,famotidine,unknown,,low
TAS2R4,famotidine,unknown,,low
TAS2R40,famotidine,unknown,,low
TAS2R41,famotidine,unknown,,low
TAS2R42,famotidine,unknown,,low
TAS2R43,famotidine,unknown,,low
TAS2R44,famotidine,known_agonism,BitterDB,low
TAS2R46,famotidine,unknown,,low
TAS2R47,famotidine,unknown,,low
TAS2R49,famotidine,unknown,,low
TAS2R5,famotidine,unknown,,low
TAS2R50,famotidine,unknown,,low
TAS2R7,famotidine,unknown,,low
TAS2R8,famotidine,unknown,,low
TAS2R9,famotidine,unknown,,low
TAS2R1,clarithromycin,unknown,,high
TAS2R10,clarithromycin,unknown,,high
TAS2R13,clarithromycin,unknown,,high
TAS2R14,clarithromycin,unknown,,high
TAS2R16,clarithromycin,unknown,,high
TAS2R2,clarithromycin,unknown,,high
TAS2R3,clarithromycin,unknown,,high
TAS2R38,clarithromycin,unknown,,high
TAS2R39,clarithromycin,unknown,,high
TAS2R4,clarithromycin,unknown,,high
TAS2R40,clarithromycin,unknown,,high
TAS2R41,clarithromycin,unknown,,high
TAS2R42,clarithromycin,unknown,,high
TAS2R43,clarithromycin,unknown,,high
TAS2R44,clarithromycin,unknown,,high
TAS2R46,clarithromycin,unknown,,high
TAS2R47,clarithromycin,unknown,,high
TAS2R49,clarithromycin,unknown,,high
TAS2R5,clarithromycin,unknown,,high
TAS2R50,clarithromycin,unknown,,high
TAS2R7,clarithromycin,unknown,,high
TAS2R8,clarithromycin,unknown,,high
TAS2R9,clarithromycin,unknown,,high
TAS2R1,azithromycin,unknown,,high
TAS2R10,azithromycin,unknown,,high
TAS2R13,azithromycin,unknown,,high
TAS2R14,azithromycin,unknown,,high
TAS2R16,azithromycin,unknown,,high
TAS2R2,azithromycin,unknown,,high
TAS2R3,azithromycin,unknown,,high
TAS2R38,azithromycin,unknown,,high
TAS2R39,azithromycin,unknown,,high
TAS2R4,azithromycin,unknown,,high
TAS2R40,azithromycin,unknown,,high
TAS2R41,azithromycin,unknown,,high
TAS2R42,azithromycin,unknown,,high
TAS2R43,azithromycin,unknown,,high
TAS2R44,azithromycin,unknown,,high
TAS2R46,azithromycin,unknown,,high
TAS2R47,azithromycin,unknown,,high
TAS2R49,azithromycin,unknown,,high
TAS2R5,azithromycin,unknown,,high
TAS2R50,azithromycin,unknown,,high
TAS2R7,azithromycin,unknown,,high
TAS2R8,azithromycin,unknown,,high
TAS2R9,azithromycin,unknown,,high
TAS2R1,erythromycin,known_agonism,BitterDB,high
TAS2R10,erythromycin,known_agonism,BitterDB,high
TAS2R13,erythromycin,unknown,,high
TAS2R14,erythromycin,unknown,,high
TAS2R16,erythromycin,unknown,,high
TAS2R2,erythromycin,unknown,,high
TAS2R3,erythromycin,unknown,,high
TAS2R38,erythromycin,unknown,,high
TAS2R39,erythromycin,unknown,,high
TAS2R4,erythromycin,unknown,,high
TAS2R40,erythromycin,unknown,,high
TAS2R41,erythromycin,unknown,,high
TAS2R42,erythromycin,unknown,,high
TAS2R43,erythromycin,unknown,,high
TAS2R44,erythromycin,unknown,,high
TAS2R46,erythromycin,unknown,,high
TAS2R47,erythromycin,unknown,,high
TAS2R49,erythromycin,unknown,,high
TAS2R5,erythromycin,unknown,,high
TAS2R50,erythromycin,unknown,,high
TAS2R7,erythromycin,unknown,,high
TAS2R8,erythromycin,unknown,,high
TAS2R9,erythromycin,unknown,,high
TAS2R1,amoxicillin,unknown,,high
TAS2R10,amoxicillin,unknown,,high
TAS2R13,amoxicillin,unknown,,high
TAS2R14,amoxicillin,unknown,,high
TAS2R16,amoxicillin,unknown,,high
TAS2R2,amoxicillin,unknown,,high
TAS2R3,amoxicillin,unknown,,high
TAS2R38,amoxicillin,unknown,,high
TAS2R39,amoxicillin,unknown,,high
TAS2R4,amoxicillin,unknown,,high
TAS2R40,amoxicillin,unknown,,high
TAS2R41,amoxicillin,unknown,,high
TAS2R42,amoxicillin,unknown,,high
TAS2R43,amoxicillin,unknown,,high
TAS2R44,amoxicillin,unknown,,high
TAS2R46,amoxicillin,unknown,,high
TAS2R47,amoxicillin,unknown,,high
TAS2R49,amoxicillin,unknown,,high
TAS2R5,amoxicillin,unknown,,high
TAS2R50,amoxicillin,unknown,,high
TAS2R7,amoxicillin,unknown,,high
TAS2R8,amoxicillin,unknown,,high
TAS2R9,amoxicillin,unknown,,high
TAS2R1,cephalexin,unknown,,high
TAS2R10,cephalexin,unknown,,high
TAS2R13,cephalexin,unknown,,high
TAS2R14,cephalexin,unknown,,high
TAS2R16,cephalexin,unknown,,high
TAS2R2,cephalexin,unknown,,high
TAS2R3,cephalexin,unknown,,high
TAS2R38,cephalexin,unknown,,high
TAS2R39,cephalexin,unknown,,high
TAS2R4,cephalexin,unknown,,high
TAS2R40,cephalexin,unknown,,high
TAS2R41,cephalexin,unknown,,high
TAS2R42,cephalexin,unknown,,high
TAS2R43,cephalexin,unknown,,high
TAS2R44,cephalexin,unknown,,high
TAS2R46,cephalexin,unknown,,high
TAS2R47,cephalexin,unknown,,high
TAS2R49,cephalexin,unknown,,high
TAS2R5,cephalexin,unknown,,high
TAS2R50,cephalexin,unknown,,high
TAS2R7,cephalexin,unknown,,high
TAS2R8,cephalexin,unknown,,high
TAS2R9,cephalexin,unknown,,high
TAS2R1,levofloxacin,unknown,,medium
TAS2R10,levofloxacin,unknown,,medium
TAS2R13,levofloxacin,unknown,,medium
TAS2R14,levofloxacin,unknown,,medium
TAS2R16,levofloxacin,unknown,,medium
TAS2R2,levofloxacin,unknown,,medium
TAS2R3,levofloxacin,unknown,,medium
TAS2R38,levofloxacin,unknown,,medium
TAS2R39,levofloxacin,unknown,,medium
TAS2R4,levofloxacin,unknown,,medium
TAS2R40,levofloxacin,unknown,,medium
TAS2R41,levofloxacin,unknown,,medium
TAS2R42,levofloxacin,unknown,,medium
TAS2R43,levofloxacin,unknown,,medium
TAS2R44,levofloxacin,unknown,,medium
TAS2R46,levofloxacin,unknown,,medium
TAS2R47,levofloxacin,unknown,,medium
TAS2R49,levofloxacin,unknown,,medium
TAS2R5,levofloxacin,unknown,,medium
TAS2R50,levofloxacin,unknown,,medium
TAS2R7,levofloxacin,unknown,,medium
TAS2R8,levofloxacin,unknown,,medium
TAS2R9,levofloxacin,unknown,,medium
TAS2R1,ofloxacin,unknown,,high
TAS2R10,ofloxacin,unknown,,high
TAS2R13,ofloxacin,unknown,,high
TAS2R14,ofloxacin,unknown,,high
TAS2R16,ofloxacin,unknown,,high
TAS2R2,ofloxacin,unknown,,high
TAS2R3,ofloxacin,unknown,,high
TAS2R38,ofloxacin,unknown,,high
TAS2R39,ofloxacin,unknown,,high
TAS2R4,ofloxacin,unknown,,high
TAS2R40,ofloxacin,unknown,,high
TAS2R41,ofloxacin,unknown,,high
TAS2R42,ofloxacin,unknown,,high
TAS2R43,ofloxacin,unknown,,high
TAS2R44,ofloxacin,unknown,,high
TAS2R46,ofloxacin,unknown,,high
TAS2R47,ofloxacin,unknown,,high
TAS2R49,ofloxacin,unknown,,high
TAS2R5,ofloxacin,unknown,,high
TAS2R50,ofloxacin,unknown,,high
TAS2R7,ofloxacin,unknown,,high
TAS2R8,ofloxacin,unknown,,high
TAS2R9,ofloxacin,known_agonism,BitterDB,high
TAS2R1,ciprofloxacin,unknown,,medium
TAS2R10,ciprofloxacin,unknown,,medium
TAS2R13,ciprofloxacin,unknown,,medium
TAS2R14,ciprofloxacin,unknown,,medium
TAS2R16,ciprofloxacin,unknown,,medium
TAS2R2,ciprofloxacin,unknown,,medium
TAS2R3,ciprofloxacin,unknown,,medium
TAS2R38,ciprofloxacin,unknown,,medium
TAS2R39,ciprofloxacin,unknown,,medium
TAS2R4,ciprofloxacin,unknown,,medium
TAS2R40,ciprofloxacin,unknown,,medium
TAS2R41,ciprofloxacin,unknown,,medium
TAS2R42,ciprofloxacin,unknown,,medium
TAS2R43,ciprofloxacin,unknown,,medium
TAS2R44,ciprofloxacin,unknown,,medium
TAS2R46,ciprofloxacin,unknown,,medium
TAS2R47,ciprofloxacin,unknown,,medium
TAS2R49,ciprofloxacin,unknown,,medium
TAS2R5,ciprofloxacin,unknown,,medium
TAS2R50,ciprofloxacin,unknown,,medium
TAS2R7,ciprofloxacin,unknown,,medium
TAS2R8,ciprofloxacin,unknown,,medium
TAS2R9,ciprofloxacin,unknown,,medium
TAS2R1,moxifloxacin,unknown,,low
TAS2R10,moxifloxacin,unknown,,low
TAS2R13,moxifloxacin,unknown,,low
TAS2R14,moxifloxacin,unknown,,low
TAS2R16,moxifloxacin,unknown,,low
TAS2R2,moxifloxacin,unknown,,low
TAS2R3,moxifloxacin,unknown,,low
TAS2R38,moxifloxacin,unknown,,low
TAS2R39,moxifloxacin,unknown,,low
TAS2R4,moxifloxacin,unknown,,low
TAS2R40,moxifloxacin,unknown,,low
TAS2R41,moxifloxacin,unknown,,low
TAS2R42,moxifloxacin,unknown,,low
TAS2R43,moxifloxacin,unknown,,low
TAS2R44,moxifloxacin,unknown,,low
TAS2R46,moxifloxacin,unknown,,low
TAS2R47,moxifloxacin,unknown,,low
TAS2R49,moxifloxacin,unknown,,low
TAS2R5,moxifloxacin,unknown,,low
TAS2R50,moxifloxacin,unknown,,low
TAS2R7,moxifloxacin,unknown,,low
TAS2R8,moxifloxacin,unknown,,low
TAS2R9,moxifloxacin,unknown,,low
TAS2R1,doxycycline,unknown,,medium
TAS2R10,doxycycline,unknown,,medium
TAS2R13,doxycycline,unknown,,medium
TAS2R14,doxycycline,unknown,,medium
TAS2R16,doxycycline,unknown,,medium
TAS2R2,doxycycline,unknown,,medium
TAS2R3,doxycycline,unknown,,medium
TAS2R38,doxycycline,unknown,,medium
TAS2R39,doxycycline,unknown,,medium
TAS2R4,doxycycline,unknown,,medium
TAS2R40,doxycycline,unknown,,medium
TAS2R41,doxycycline,unknown,,medium
TAS2R42,doxycycline,unknown,,medium
TAS2R43,doxycycline,unknown,,medium
TAS2R44,doxycycline,unknown,,medium
TAS2R46,doxycycline,unknown,,medium
TAS2R47,doxycycline,unknown,,medium
TAS2R49,doxycycline,unknown,,medium
TAS2R5,doxycycline,unknown,,medium
TAS2R50,doxycycline,unknown,,medium
TAS2R7,doxycycline,unknown,,medium
TAS2R8,doxycycline,unknown,,medium
TAS2R9,doxycycline,unknown,,medium
TAS2R1,minocycline,unknown,,medium
TAS2R10,minocycline,unknown,,medium
TAS2R13,minocycline,unknown,,medium
TAS2R14,minocycline,unknown,,medium
TAS2R16,minocycline,unknown,,medium
TAS2R2,minocycline,unknown,,medium
TAS2R3,minocycline,unknown,,medium
TAS2R38,minocycline,unknown,,medium
TAS2R39,minocycline,unknown,,medium
TAS2R4,minocycline,unknown,,medium
TAS2R40,minocycline,unknown,,medium
TAS2R41,minocycline,unknown,,medium
TAS2R42,minocycline,unknown,,medium
TAS2R43,minocycline,unknown,,medium
TAS2R44,minocycline,unknown,,medium
TAS2R46,minocycline,unknown,,medium
TAS2R47,minocycline,unknown,,medium
TAS2R49,minocycline,unknown,,medium
TAS2R5,minocycline,unknown,,medium
TAS2R50,minocycline,unknown,,medium
TAS2R7,minocycline,unknown,,medium
TAS2R8,minocycline,unknown,,medium
TAS2R9,minocycline,unknown,,medium
TAS2R1,metronidazole,unknown,,high
TAS2R10,metronidazole,unknown,,high
TAS2R13,metronidazole,unknown,,high
TAS2R14,metronidazole,unknown,,high
TAS2R16,metronidazole,unknown,,high
TAS2R2,metronidazole,unknown,,high
TAS2R3,metronidazole,unknown,,high
TAS2R38,metronidazole,unknown,,high
TAS2R39,metronidazole,unknown,,high
TAS2R4,metronidazole,unknown,,high
TAS2R40,metronidazole,unknown,,high
TAS2R41,metronidazole,unknown,,high
TAS2R42,metronidazole,unknown,,high
TAS2R43,metronidazole,unknown,,high
TAS2R44,metronidazole,unknown,,high
TAS2R46,metronidazole,unknown,,high
TAS2R47,metronidazole,unknown,,high
TAS2R49,metronidazole,unknown,,high
TAS2R5,metronidazole,unknown,,high
TAS2R50,metronidazole,unknown,,high
TAS2R7,metronidazole,unknown,,high
TAS2R8,metronidazole,unknown,,high
TAS2R9,metronidazole,unknown,,high
TAS2R1,chloroquine,unknown,,high
TAS2R10,chloroquine,known_agonism,BitterDB,high
TAS2R13,chloroquine,unknown,,high
TAS2R14,chloroquine,known_agonism,BitterDB,high
TAS2R16,chloroquine,unknown,,high
TAS2R2,chloroquine,unknown,,high
TAS2R3,chloroquine,known_agonism,BitterDB,high
TAS2R38,chloroquine,unknown,,high
TAS2R39,chloroquine,known_agonism,BitterDB,high
TAS2R4,chloroquine,unknown,,high
TAS2R40,chloroquine,unknown,,high
TAS2R41,chloroquine,unknown,,high
TAS2R42,chloroquine,unknown,,high
TAS2R43,chloroquine,unknown,,high
TAS2R44,chloroquine,unknown,,high
TAS2R46,chloroquine,unknown,,high
TAS2R47,chloroquine,unknown,,high
TAS2R49,chloroquine,unknown,,high
TAS2R5,chloroquine,unknown,,high
TAS2R50,chloroquine,unknown,,high
TAS2R7,chloroquine,known_agonism,BitterDB,high
TAS2R8,chloroquine,unknown,,high
TAS2R9,chloroquine,unknown,,high
TAS2R1,hydroxychloroquine,unknown,,high
TAS2R10,hydroxychloroquine,unknown,,high
TAS2R13,hydroxychloroquine,unknown,,high
TAS2R14,hydroxychloroquine,unknown,,high
TAS2R16,hydroxychloroquine,unknown,,high
TAS2R2,hydroxychloroquine,unknown,,high
TAS2R3,hydroxychloroquine,unknown,,high
TAS2R38,hydroxychloroquine,unknown,,high
TAS2R39,hydroxychloroquine,unknown,,high
TAS2R4,hydroxychloroquine,unknown,,high
TAS2R40,hydroxychloroquine,unknown,,high
TAS2R41,hydroxychloroquine,unknown,,high
TAS2R42,hydroxychloroquine,unknown,,high
TAS2R43,hydroxychloroquine,unknown,,high
TAS2R44,hydroxychloroquine,unknown,,high
TAS2R46,hydroxychloroquine,unknown,,high
TAS2R47,hydroxychloroquine,unknown,,high
TAS2R49,hydroxychloroquine,unknown,,high
TAS2R5,hydroxychloroquine,unknown,,high
TAS2R50,hydroxychloroquine,unknown,,high
TAS2R7,hydroxychloroquine,unknown,,high
TAS2R8,hydroxychloroquine,unknown,,high
TAS2R9,hydroxychloroquine,unknown,,high
TAS2R1,quinine,known_agonism,BitterDB,high
TAS2R10,quinine,known_agonism,BitterDB,high
TAS2R13,quinine,unknown,,high
TAS2R14,quinine,known_agonism,BitterDB,high
TAS2R16,quinine,unknown,,high
TAS2R2,quinine,unknown,,high
TAS2R3,quinine,unknown,,high
TAS2R38,quinine,unknown,,high
TAS2R39,quinine,known_agonism,BitterDB,high
TAS2R4,quinine,known_agonism,BitterDB,high
TAS2R40,quinine,known_agonism,BitterDB,high
TAS2R41,quinine,known_agonism,BitterDB,high
TAS2R42,quinine,unknown,,high
TAS2R43,quinine,known_agonism,BitterDB,high
TAS2R44,quinine,known_agonism,BitterDB,high
TAS2R46,quinine,known_agonism,BitterDB,high
TAS2R47,quinine,unknown,,high
TAS2R49,quinine,unknown,,high
TAS2R5,quinine,unknown,,high
TAS2R50,quinine,unknown,,high
TAS2R7,quinine,known_agonism,BitterDB,high
TAS2R8,quinine,unknown,,high
TAS2R9,quinine,unknown,,high
TAS2R1,dapsone,unknown,,medium
TAS2R10,dapsone,known_agonism,BitterDB,medium
TAS2R13,dapsone,unknown,,medium
TAS2R14,dapsone,unknown,,medium
TAS2R16,dapsone,unknown,,medium
TAS2R2,dapsone,unknown,,medium
TAS2R3,dapsone,unknown,,medium
TAS2R38,dapsone,unknown,,medium
TAS2R39,dapsone,unknown,,medium
TAS2R4,dapsone,known_agonism,BitterDB,medium
TAS2R40,dapsone,known_agonism,BitterDB,medium
TAS2R41,dapsone,unknown,,medium
TAS2R42,dapsone,unknown,,medium
TAS2R43,dapsone,unknown,,medium
TAS2R44,dapsone,unknown,,medium
TAS2R46,dapsone,unknown,,medium
TAS2R47,dapsone,unknown,,medium
TAS2R49,dapsone,unknown,,medium
TAS2R5,dapsone,unknown,,medium
TAS2R50,dapsone,unknown,,medium
TAS2R7,dapsone,unknown,,medium
TAS2R8,dapsone,unknown,,medium
TAS2R9,dapsone,unknown,,medium
TAS2R1,isoniazid,unknown,,medium
TAS2R10,isoniazid,unknown,,medium
TAS2R13,isoniazid,unknown,,medium
TAS2R14,isoniazid,unknown,,medium
TAS2R16,isoniazid,unknown,,medium
TAS2R2,isoniazid,unknown,,medium
TAS2R3,isoniazid,unknown,,medium
TAS2R38,isoniazid,unknown,,medium
TAS2R39,isoniazid,unknown,,medium
TAS2R4,isoniazid,unknown,,medium
TAS2R40,isoniazid,unknown,,medium
TAS2R41,isoniazid,unknown,,medium
TAS2R42,isoniazid,unknown,,medium
TAS2R43,isoniazid,unknown,,medium
TAS2R44,isoniazid,unknown,,medium
TAS2R46,isoniazid,unknown,,medium
TAS2R47,isoniazid,unknown,,medium
TAS2R49,isoniazid,unknown,,medium
TAS2R5,isoniazid,unknown,,medium
TAS2R50,isoniazid,unknown,,medium
TAS2R7,isoniazid,unknown,,medium
TAS2R8,isoniazid,unknown,,medium
TAS2R9,isoniazid,unknown,,medium
TAS2R1,ethambutol,unknown,,medium
TAS2R10,ethambutol,unknown,,medium
TAS2R13,ethambutol,unknown,,medium
TAS2R14,ethambutol,unknown,,medium
TAS2R16,ethambutol,unknown,,medium
TAS2R2,ethambutol,unknown,,medium
TAS2R3,ethambutol,unknown,,medium
TAS2R38,ethambutol,unknown,,medium
TAS2R39,ethambutol,unknown,,medium
TAS2R4,ethambutol,unknown,,medium
TAS2R40,ethambutol,unknown,,medium
TAS2R41,ethambutol,unknown,,medium
TAS2R42,ethambutol,unknown,,medium
TAS2R43,ethambutol,unknown,,medium
TAS2R44,ethambutol,unknown,,medium
TAS2R46,ethambutol,unknown,,medium
TAS2R47,ethambutol,unknown,,medium
TAS2R49,ethambutol,unknown,,medium
TAS2R5,ethambutol,unknown,,medium
TAS2R50,ethambutol,unknown,,medium
TAS2R7,ethambutol,unknown,,medium
TAS2R8,ethambutol,unknown,,medium
TAS2R9,ethambutol,unknown,,medium
TAS2R1,pyrazinamide,unknown,,medium
TAS2R10,pyrazinamide,unknown,,medium
TAS2R13,pyrazinamide,unknown,,medium
TAS2R14,pyrazinamide,unknown,,medium
TAS2R16,pyrazinamide,unknown,,medium
TAS2R2,pyrazinamide,unknown,,medium
TAS2R3,pyrazinamide,unknown,,medium
TAS2R38,pyrazinamide,unknown,,medium
TAS2R39,pyrazinamide,unknown,,medium
TAS2R4,pyrazinamide,unknown,,medium
TAS2R40,pyrazinamide,unknown,,medium
TAS2R41,pyrazinamide,unknown,,medium
TAS2R42,pyrazinamide,unknown,,medium
TAS2R43,pyrazinamide,unknown,,medium
TAS2R44,pyrazinamide,unknown,,medium
TAS2R46,pyrazinamide,unknown,,medium
TAS2R47,pyrazinamide,unknown,,medium
TAS2R49,pyrazinamide,unknown,,medium
TAS2R5,pyrazinamide,unknown,,medium
TAS2R50,pyrazinamide,unknown,,medium
TAS2R7,pyrazinamide,unknown,,medium
TAS2R8,pyrazinamide,unknown,,medium
TAS2R9,pyrazinamide,unknown,,medium
TAS2R1,oseltamivir,unknown,,medium
TAS2R10,oseltamivir,unknown,,medium
TAS2R13,oseltamivir,unknown,,medium
TAS2R14,oseltamivir,unknown,,medium
TAS2R16,oseltamivir,unknown,,medium
TAS2R2,oseltamivir,unknown,,medium
TAS2R3,oseltamivir,unknown,,medium
TAS2R38,oseltamivir,unknown,,medium
TAS2R39,oseltamivir,unknown,,medium
TAS2R4,oseltamivir,unknown,,medium
TAS2R40,oseltamivir,unknown,,medium
TAS2R41,oseltamivir,unknown,,medium
TAS2R42,oseltamivir,unknown,,medium
TAS2R43,oseltamivir,unknown,,medium
TAS2R44,oseltamivir,unknown,,medium
TAS2R46,oseltamivir,unknown,,medium
TAS2R47,oseltamivir,unknown,,medium
TAS2R49,oseltamivir,unknown,,medium
TAS2R5,oseltamivir,unknown,,medium
TAS2R50,oseltamivir,unknown,,medium
TAS2R7,oseltamivir,unknown,,medium
TAS2R8,oseltamivir,unknown,,medium
TAS2R9,oseltamivir,unknown,,medium
TAS2R1,valacyclovir,unknown,,medium
TAS2R10,valacyclovir,unknown,,medium
TAS2R13,valacyclovir,unknown,,medium
TAS2R14,valacyclovir,unknown,,medium
TAS2R16,valacyclovir,unknown,,medium
TAS2R2,valacyclovir,unknown,,medium
TAS2R3,valacyclovir,unknown,,medium
TAS2R38,valacyclovir,unknown,,medium
TAS2R39,valacyclovir,unknown,,medium
TAS2R4,valacyclovir,unknown,,medium
TAS2R40,valacyclovir,unknown,,medium
TAS2R41,valacyclovir,unknown,,medium
TAS2R42,valacyclovir,unknown,,medium
TAS2R43,valacyclovir,unknown,,medium
TAS2R44,valacyclovir,unknown,,medium
TAS2R46,valacyclovir,unknown,,medium
TAS2R47,valacyclovir,unknown,,medium
TAS2R49,valacyclovir,unknown,,medium
TAS2R5,valacyclovir,unknown,,medium
TAS2R50,valacyclovir,unknown,,medium
TAS2R7,valacyclovir,unknown,,medium
TAS2R8,valacyclovir,unknown,,medium
TAS2R9,valacyclovir,unknown,,medium
TAS2R1,prednisolone,unknown,,high
TAS2R10,prednisolone,unknown,,high
TAS2R13,prednisolone,unknown,,high
TAS2R14,prednisolone,unknown,,high
TAS2R16,prednisolone,unknown,,high
TAS2R2,prednisolone,unknown,,high
TAS2R3,prednisolone,unknown,,high
TAS2R38,prednisolone,unknown,,high
TAS2R39,prednisolone,unknown,,high
TAS2R4,prednisolone,unknown,,high
TAS2R40,prednisolone,unknown,,high
TAS2R41,prednisolone,unknown,,high
TAS2R42,prednisolone,unknown,,high
TAS2R43,prednisolone,unknown,,high
TAS2R44,prednisolone,unknown,,high
TAS2R46,prednisolone,unknown,,high
TAS2R47,prednisolone,unknown,,high
TAS2R49,prednisolone,unknown,,high
TAS2R5,prednisolone,unknown,,high
TAS2R50,prednisolone,unknown,,high
TAS2R7,prednisolone,unknown,,high
TAS2R8,prednisolone,unknown,,high
TAS2R9,prednisolone,unknown,,high
TAS2R1,prednisone,unknown,,high
TAS2R10,prednisone,unknown,,high
TAS2R13,prednisone,unknown,,high
TAS2R14,prednisone,unknown,,high
TAS2R16,prednisone,unknown,,high
TAS2R2,prednisone,unknown,,high
TAS2R3,prednisone,unknown,,high
TAS2R38,prednisone,unknown,,high
TAS2R39,prednisone,unknown,,high
TAS2R4,prednisone,unknown,,high
TAS2R40,prednisone,unknown,,high
TAS2R41,prednisone,unknown,,high
TAS2R42,prednisone,unknown,,high
TAS2R43,prednisone,unknown,,high
TAS2R44,prednisone,unknown,,high
TAS2R46,prednisone,unknown,,high
TAS2R47,prednisone,unknown,,high
TAS2R49,prednisone,unknown,,high
TAS2R5,prednisone,unknown,,high
TAS2R50,prednisone,unknown,,high
TAS2R7,prednisone,unknown,,high
TAS2R8,prednisone,unknown,,high
TAS2R9,prednisone,unknown,,high
TAS2R1,dexamethasone,unknown,,high
TAS2R10,dexamethasone,unknown,,high
TAS2R13,dexamethasone,unknown,,high
TAS2R14,dexamethasone,unknown,,high
TAS2R16,dexamethasone,unknown,,high
TAS2R2,dexamethasone,unknown,,high
TAS2R3,dexamethasone,unknown,,high
TAS2R38,dexamethasone,unknown,,high
TAS2R39,dexamethasone,unknown,,high
TAS2R4,dexamethasone,unknown,,high
TAS2R40,dexamethasone,unknown,,high
TAS2R41,dexamethasone,unknown,,high
TAS2R42,dexamethasone,unknown,,high
TAS2R43,dexamethasone,unknown,,high
TAS2R44,dexamethasone,unknown,,high
TAS2R46,dexamethasone,unknown,,high
TAS2R47,dexamethasone,unknown,,high
TAS2R49,dexamethasone,unknown,,high
TAS2R5,dexamethasone,unknown,,high
TAS2R50,dexamethasone,unknown,,high
TAS2R7,dexamethasone,unknown,,high
TAS2R8,dexamethasone,unknown,,high
TAS2R9,dexamethasone,unknown,,high
TAS2R1,hydrocortisone,unknown,,high
TAS2R10,hydrocortisone,unknown,,high
TAS2R13,hydrocortisone,unknown,,high
TAS2R14,hydrocortisone,unknown,,high
TAS2R16,hydrocortisone,unknown,,high
TAS2R2,hydrocortisone,unknown,,high
TAS2R3,hydrocortisone,unknown,,high
TAS2R38,hydrocortisone,unknown,,high
TAS2R39,hydrocortisone,unknown,,high
TAS2R4,hydrocortisone,unknown,,high
TAS2R40,hydrocortisone,unknown,,high
TAS2R41,hydrocortisone,unknown,,high
TAS2R42,hydrocortisone,unknown,,high
TAS2R43,hydrocortisone,unknown,,high
TAS2R44,hydrocortisone,unknown,,high
TAS2R46,hydrocortisone,known_agonism,BitterDB,high
TAS2R47,hydrocortisone,unknown,,high
TAS2R49,hydrocortisone,unknown,,high
TAS2R5,hydrocortisone,unknown,,high
TAS2R50,hydrocortisone,unknown,,high
TAS2R7,hydrocortisone,unknown,,high
TAS2R8,hydrocortisone,unknown,,high
TAS2R9,hydrocortisone,unknown,,high
TAS2R1,montelukast,unknown,,medium
TAS2R10,montelukast,unknown,,medium
TAS2R13,montelukast,unknown,,medium
TAS2R14,montelukast,unknown,,medium
TAS2R16,montelukast,unknown,,medium
TAS2R2,montelukast,unknown,,medium
TAS2R3,montelukast,unknown,,medium
TAS2R38,montelukast,unknown,,medium
TAS2R39,montelukast,unknown,,medium
TAS2R4,montelukast,unknown,,medium
TAS2R40,montelukast,unknown,,medium
TAS2R41,montelukast,unknown,,medium
TAS2R42,montelukast,unknown,,medium
TAS2R43,montelukast,unknown,,medium
TAS2R44,montelukast,unknown,,medium
TAS2R46,montelukast,unknown,,medium
TAS2R47,montelukast,unknown,,medium
TAS2R49,montelukast,unknown,,medium
TAS2R5,montelukast,unknown,,medium
TAS2R50,montelukast,unknown,,medium
TAS2R7,montelukast,unknown,,medium
TAS2R8,montelukast,unknown,,medium
TAS2R9,montelukast,unknown,,medium
TAS2R1,cetirizine,unknown,,high
TAS2R10,cetirizine,unknown,,high
TAS2R13,cetirizine,unknown,,high
TAS2R14,cetirizine,unknown,,high
TAS2R16,cetirizine,unknown,,high
TAS2R2,cetirizine,unknown,,high
TAS2R3,cetirizine,unknown,,high
TAS2R38,cetirizine,unknown,,high
TAS2R39,cetirizine,unknown,,high
TAS2R4,cetirizine,unknown,,high
TAS2R40,cetirizine,unknown,,high
TAS2R41,cetirizine,unknown,,high
TAS2R42,cetirizine,unknown,,high
TAS2R43,cetirizine,unknown,,high
TAS2R44,cetirizine,unknown,,high
TAS2R46,cetirizine,unknown,,high
TAS2R47,cetirizine,unknown,,high
TAS2R49,cetirizine,unknown,,high
TAS2R5,cetirizine,unknown,,high
TAS2R50,cetirizine,unknown,,high
TAS2R7,cetirizine,unknown,,high
TAS2R8,cetirizine,unknown,,high
TAS2R9,cetirizine,unknown,,high
TAS2R1,loratadine,unknown,,medium
TAS2R10,loratadine,unknown,,medium
TAS2R13,loratadine,unknown,,medium
TAS2R14,loratadine,unknown,,medium
TAS2R16,loratadine,unknown,,medium
TAS2R2,loratadine,unknown,,medium
TAS2R3,loratadine,unknown,,medium
TAS2R38,loratadine,unknown,,medium
TAS2R39,loratadine,unknown,,medium
TAS2R4,loratadine,unknown,,medium
TAS2R40,loratadine,unknown,,medium
TAS2R41,loratadine,unknown,,medium
TAS2R42,loratadine,unknown,,medium
TAS2R43,loratadine,unknown,,medium
TAS2R44,loratadine,unknown,,medium
TAS2R46,loratadine,unknown,,medium
TAS2R47,loratadine,unknown,,medium
TAS2R49,loratadine,unknown,,medium
TAS2R5,loratadine,unknown,,medium
TAS2R50,loratadine,unknown,,medium
TAS2R7,loratadine,unknown,,medium
TAS2R8,loratadine,unknown,,medium
TAS2R9,loratadine,unknown,,medium
TAS2R1,fexofenadine,unknown,,medium
TAS2R10,fexofenadine,unknown,,medium
TAS2R13,fexofenadine,unknown,,medium
TAS2R14,fexofenadine,unknown,,medium
TAS2R16,fexofenadine,unknown,,medium
TAS2R2,fexofenadine,unknown,,medium
TAS2R3,fexofenadine,unknown,,medium
TAS2R38,fexofenadine,unknown,,medium
TAS2R39,fexofenadine,unknown,,medium
TAS2R4,fexofenadine,unknown,,medium
TAS2R40,fexofenadine,unknown,,medium
TAS2R41,fexofenadine,unknown,,medium
TAS2R42,fexofenadine,unknown,,medium
TAS2R43,fexofenadine,unknown,,medium
TAS2R44,fexofenadine,unknown,,medium
TAS2R46,fexofenadine,unknown,,medium
TAS2R47,fexofenadine,unknown,,medium
TAS2R49,fexofenadine,unknown,,medium
TAS2R5,fexofenadine,unknown,,medium
TAS2R50,fexofenadine,unknown,,medium
TAS2R7,fexofenadine,unknown,,medium
TAS2R8,fexofenadine,unknown,,medium
TAS2R9,fexofenadine,unknown,,medium
TAS2R1,diphenhydramine,unknown,,high
TAS2R10,diphenhydramine,unknown,,high
TAS2R13,diphenhydramine,unknown,,high
TAS2R14,diphenhydramine,known_agonism,BitterDB,high
TAS2R16,diphenhydramine,unknown,,high
TAS2R2,diphenhydramine,unknown,,high
TAS2R3,diphenhydramine,unknown,,high
TAS2R38,diphenhydramine,unknown,,high
TAS2R39,diphenhydramine,unknown,,high
TAS2R4,diphenhydramine,unknown,,high
TAS2R40,diphenhydramine,known_agonism,BitterDB,high
TAS2R41,diphenhydramine,unknown,,high
TAS2R42,diphenhydramine,unknown,,high
TAS2R43,diphenhydramine,unknown,,high
TAS2R44,diphenhydramine,unknown,,high
TAS2R46,diphenhydramine,unknown,,high
TAS2R47,diphenhydramine,unknown,,high
TAS2R49,diphenhydramine,unknown,,high
TAS2R5,diphenhydramine,unknown,,high
TAS2R50,diphenhydramine,unknown,,high
TAS2R7,diphenhydramine,known_agonism,BitterDB,high
TAS2R8,diphenhydramine,unknown,,high
TAS2R9,diphenhydramine,unknown,,high
TAS2R1,chlorpheniramine,unknown,,high
TAS2R10,chlorpheniramine,known_agonism,BitterDB,high
TAS2R13,chlorpheniramine,unknown,,high
TAS2R14,chlorpheniramine,known_agonism,BitterDB,high
TAS2R16,chlorpheniramine,unknown,,high
TAS2R2,chlorpheniramine,unknown,,high
TAS2R3,chlorpheniramine,unknown,,high
TAS2R38,chlorpheniramine,known_agonism,BitterDB,high
TAS2R39,chlorpheniramine,known_agonism,BitterDB,high
TAS2R4,chlorpheniramine,known_agonism,BitterDB,high
TAS2R40,chlorpheniramine,known_agonism,BitterDB,high
TAS2R41,chlorpheniramine,unknown,,high
TAS2R42,chlorpheniramine,unknown,,high
TAS2R43,chlorpheniramine,unknown,,high
TAS2R44,chlorpheniramine,unknown,,high
TAS2R46,chlorpheniramine,known_agonism,BitterDB,high
TAS2R47,chlorpheniramine,unknown,,high
TAS2R49,chlorpheniramine,unknown,,high
TAS2R5,chlorpheniramine,unknown,,high
TAS2R50,chlorpheniramine,unknown,,high
TAS2R7,chlorpheniramine,known_agonism,BitterDB,high
TAS2R8,chlorpheniramine,unknown,,high
TAS2R9,chlorpheniramine,unknown,,high
TAS2R1,promethazine,unknown,,high
TAS2R10,promethazine,unknown,,high
TAS2R13,promethazine,unknown,,high
TAS2R14,promethazine,unknown,,high
TAS2R16,promethazine,unknown,,high
TAS2R2,promethazine,unknown,,high
TAS2R3,promethazine,unknown,,high
TAS2R38,promethazine,unknown,,high
TAS2R39,promethazine,unknown,,high
TAS2R4,promethazine,unknown,,high
TAS2R40,promethazine,unknown,,high
TAS2R41,promethazine,unknown,,high
TAS2R42,promethazine,unknown,,high
TAS2R43,promethazine,unknown,,high
TAS2R44,promethazine,unknown,,high
TAS2R46,promethazine,unknown,,high
TAS2R47,promethazine,unknown,,high
TAS2R49,promethazine,unknown,,high
TAS2R5,promethazine,unknown,,high
TAS2R50,promethazine,unknown,,high
TAS2R7,promethazine,unknown,,high
TAS2R8,promethazine,unknown,,high
TAS2R9,promethazine,unknown,,high
TAS2R1,ondansetron,unknown,,medium
TAS2R10,ondansetron,unknown,,medium
TAS2R13,ondansetron,unknown,,medium
TAS2R14,ondansetron,unknown,,medium
TAS2R16,ondansetron,unknown,,medium
TAS2R2,ondansetron,unknown,,medium
TAS2R3,ondansetron,unknown,,medium
TAS2R38,ondansetron,unknown,,medium
TAS2R39,ondansetron,unknown,,medium
TAS2R4,ondansetron,unknown,,medium
TAS2R40,ondansetron,unknown,,medium
TAS2R41,ondansetron,unknown,,medium
TAS2R42,ondansetron,unknown,,medium
TAS2R43,ondansetron,unknown,,medium
TAS2R44,ondansetron,unknown,,medium
TAS2R46,ondansetron,unknown,,medium
TAS2R47,ondansetron,unknown,,medium
TAS2R49,ondansetron,unknown,,medium
TAS2R5,ondansetron,unknown,,medium
TAS2R50,ondansetron,unknown,,medium
TAS2R7,ondansetron,unknown,,medium
TAS2R8,ondansetron,unknown,,medium
TAS2R9,ondansetron,unknown,,medium
TAS2R1,domperidone,unknown,,medium
TAS2R10,domperidone,unknown,,medium
TAS2R13,domperidone,unknown,,medium
TAS2R14,domperidone,unknown,,medium
TAS2R16,domperidone,unknown,,medium
TAS2R2,domperidone,unknown,,medium
TAS2R3,domperidone,unknown,,medium
TAS2R38,domperidone,unknown,,medium
TAS2R39,domperidone,unknown,,medium
TAS2R4,domperidone,unknown,,medium
TAS2R40,domperidone,unknown,,medium
TAS2R41,domperidone,unknown,,medium
TAS2R42,domperidone,unknown,,medium
TAS2R43,domperidone,unknown,,medium
TAS2R44,domperidone,unknown,,medium
TAS2R46,domperidone,unknown,,medium
TAS2R47,domperidone,unknown,,medium
TAS2R49,domperidone,unknown,,medium
TAS2R5,domperidone,unknown,,medium
TAS2R50,domperidone,unknown,,medium
TAS2R7,domperidone,unknown,,medium
TAS2R8,domperidone,unknown,,medium
TAS2R9,domperidone,unknown,,medium
TAS2R1,metoclopramide,unknown,,medium
TAS2R10,metoclopramide,unknown,,medium
TAS2R13,metoclopramide,unknown,,medium
TAS2R14,metoclopramide,unknown,,medium
TAS2R16,metoclopramide,unknown,,medium
TAS2R2,metoclopramide,unknown,,medium
TAS2R3,metoclopramide,unknown,,medium
TAS2R38,metoclopramide,unknown,,medium
TAS2R39,metoclopramide,unknown,,medium
TAS2R4,metoclopramide,unknown,,medium
TAS2R40,metoclopramide,unknown,,medium
TAS2R41,metoclopramide,unknown,,medium
TAS2R42,metoclopramide,unknown,,medium
TAS2R43,metoclopramide,unknown,,medium
TAS2R44,metoclopramide,unknown,,medium
TAS2R46,metoclopramide,unknown,,medium
TAS2R47,metoclopramide,unknown,,medium
TAS2R49,metoclopramide,unknown,,medium
TAS2R5,metoclopramide,unknown,,medium
TAS2R50,metoclopramide,unknown,,medium
TAS2R7,metoclopramide,unknown,,medium
TAS2R8,metoclopramide,unknown,,medium
TAS2R9,metoclopramide,unknown,,medium
TAS2R1,sennosides,unknown,,medium
TAS2R10,sennosides,unknown,,medium
TAS2R13,sennosides,unknown,,medium
TAS2R14,sennosides,unknown,,medium
TAS2R16,sennosides,unknown,,medium
TAS2R2,sennosides,unknown,,medium
TAS2R3,sennosides,unknown,,medium
TAS2R38,sennosides,unknown,,medium
TAS2R39,sennosides,unknown,,medium
TAS2R4,sennosides,unknown,,medium
TAS2R40,sennosides,unknown,,medium
TAS2R41,sennosides,unknown,,medium
TAS2R42,sennosides,unknown,,medium
TAS2R43,sennosides,unknown,,medium
TAS2R44,sennosides,unknown,,medium
TAS2R46,sennosides,unknown,,medium
TAS2R47,sennosides,unknown,,medium
TAS2R49,sennosides,unknown,,medium
TAS2R5,sennosides,unknown,,medium
TAS2R50,sennosides,unknown,,medium
TAS2R7,sennosides,unknown,,medium
TAS2R8,sennosides,unknown,,medium
TAS2R9,sennosides,unknown,,medium
TAS2R1,loperamide,unknown,,medium
TAS2R10,loperamide,unknown,,medium
TAS2R13,loperamide,unknown,,medium
TAS2R14,loperamide,unknown,,medium
TAS2R16,loperamide,unknown,,medium
TAS2R2,loperamide,unknown,,medium
TAS2R3,loperamide,unknown,,medium
TAS2R38,loperamide,unknown,,medium
TAS2R39,loperamide,unknown,,medium
TAS2R4,loperamide,unknown,,medium
TAS2R40,loperamide,unknown,,medium
TAS2R41,loperamide,unknown,,medium
TAS2R42,loperamide,unknown,,medium
TAS2R43,loperamide,unknown,,medium
TAS2R44,loperamide,unknown,,medium
TAS2R46,loperamide,unknown,,medium
TAS2R47,loperamide,unknown,,medium
TAS2R49,loperamide,unknown,,medium
TAS2R5,loperamide,unknown,,medium
TAS2R50,loperamide,unknown,,medium
TAS2R7,loperamide,unknown,,medium
TAS2R8,loperamide,unknown,,medium
TAS2R9,loperamide,unknown,,medium
TAS2R1,bismuth subsalicylate,unknown,,high
TAS2R10,bismuth subsalicylate,unknown,,high
TAS2R13,bismuth subsalicylate,unknown,,high
TAS2R14,bismuth subsalicylate,unknown,,high
TAS2R16,bismuth subsalicylate,unknown,,high
TAS2R2,bismuth subsalicylate,unknown,,high
TAS2R3,bismuth subsalicylate,unknown,,high
TAS2R38,bismuth subsalicylate,unknown,,high
TAS2R39,bismuth subsalicylate,unknown,,high
TAS2R4,bismuth subsalicylate,unknown,,high
TAS2R40,bismuth subsalicylate,unknown,,high
TAS2R41,bismuth subsalicylate,unknown,,high
TAS2R42,bismuth subsalicylate,unknown,,high
TAS2R43,bismuth subsalicylate,unknown,,high
TAS2R44,bismuth subsalicylate,unknown,,high
TAS2R46,bismuth subsalicylate,unknown,,high
TAS2R47,bismuth subsalicylate,unknown,,high
TAS2R49,bismuth subsalicylate,unknown,,high
TAS2R5,bismuth subsalicylate,unknown,,high
TAS2R50,bismuth subsalicylate,unknown,,high
TAS2R7,bismuth subsalicylate,unknown,,high
TAS2R8,bismuth subsalicylate,unknown,,high
TAS2R9,bismuth subsalicylate,unknown,,high
TAS2R1,ferrous sulfate,unknown,,high
TAS2R10,ferrous sulfate,unknown,,high
TAS2R13,ferrous sulfate,unknown,,high
TAS2R14,ferrous sulfate,unknown,,high
TAS2R16,ferrous sulfate,unknown,,high
TAS2R2,ferrous sulfate,unknown,,high
TAS2R3,ferrous sulfate,unknown,,high
TAS2R38,ferrous sulfate,unknown,,high
TAS2R39,ferrous sulfate,unknown,,high
TAS2R4,ferrous sulfate,unknown,,high
TAS2R40,ferrous sulfate,unknown,,high
TAS2R41,ferrous sulfate,unknown,,high
TAS2R42,ferrous sulfate,unknown,,high
TAS2R43,ferrous sulfate,unknown,,high
TAS2R44,ferrous sulfate,unknown,,high
TAS2R46,ferrous sulfate,unknown,,high
TAS2R47,ferrous sulfate,unknown,,high
TAS2R49,ferrous sulfate,unknown,,high
TAS2R5,ferrous sulfate,unknown,,high
TAS2R50,ferrous sulfate,unknown,,high
TAS2R7,ferrous sulfate,known_agonism,BitterDB,high
TAS2R8,ferrous sulfate,unknown,,high
TAS2R9,ferrous sulfate,unknown,,high
TAS2R1,potassium chloride,unknown,,high
TAS2R10,potassium chloride,unknown,,high
TAS2R13,potassium chloride,unknown,,high
TAS2R14,potassium chloride,unknown,,high
TAS2R16,potassium chloride,unknown,,high
TAS2R2,potassium chloride,unknown,,high
TAS2R3,potassium chloride,unknown,,high
TAS2R38,potassium chloride,unknown,,high
TAS2R39,potassium chloride,unknown,,high
TAS2R4,potassium chloride,unknown,,high
TAS2R40,potassium chloride,unknown,,high
TAS2R41,potassium chloride,unknown,,high
TAS2R42,potassium chloride,unknown,,high
TAS2R43,potassium chloride,unknown,,high
TAS2R44,potassium chloride,unknown,,high
TAS2R46,potassium chloride,unknown,,high
TAS2R47,potassium chloride,unknown,,high
TAS2R49,potassium chloride,unknown,,high
TAS2R5,potassium chloride,unknown,,high
TAS2R50,potassium chloride,unknown,,high
TAS2R7,potassium chloride,unknown,,high
TAS2R8,potassium chloride,unknown,,high
TAS2R9,potassium chloride,unknown,,high
TAS2R1,calcium carbonate,unknown,,high
TAS2R10,calcium carbonate,unknown,,high
TAS2R13,calcium carbonate,unknown,,high
TAS2R14,calcium carbonate,unknown,,high
TAS2R16,calcium carbonate,unknown,,high
TAS2R2,calcium carbonate,unknown,,high
TAS2R3,calcium carbonate,unknown,,high
TAS2R38,calcium carbonate,unknown,,high
TAS2R39,calcium carbonate,unknown,,high
TAS2R4,calcium carbonate,unknown,,high
TAS2R40,calcium carbonate,unknown,,high
TAS2R41,calcium carbonate,unknown,,high
TAS2R42,calcium carbonate,unknown,,high
TAS2R43,calcium carbonate,unknown,,high
TAS2R44,calcium carbonate,unknown,,high
TAS2R46,calcium carbonate,unknown,,high
TAS2R47,calcium carbonate,unknown,,high
TAS2R49,calcium carbonate,unknown,,high
TAS2R5,calcium carbonate,unknown,,high
TAS2R50,calcium carbonate,unknown,,high
TAS2R7,calcium carbonate,unknown,,high
TAS2R8,calcium carbonate,unknown,,high
TAS2R9,calcium carbonate,unknown,,high
TAS2R1,cholecalciferol,unknown,,low
TAS2R10,cholecalciferol,unknown,,low
TAS2R13,cholecalciferol,unknown,,low
TAS2R14,cholecalciferol,unknown,,low
TAS2R16,cholecalciferol,unknown,,low
TAS2R2,cholecalciferol,unknown,,low
TAS2R3,cholecalciferol,unknown,,low
TAS2R38,cholecalciferol,unknown,,low
TAS2R39,cholecalciferol,unknown,,low
TAS2R4,cholecalciferol,unknown,,low
TAS2R40,cholecalciferol,unknown,,low
TAS2R41,cholecalciferol,unknown,,low
TAS2R42,cholecalciferol,unknown,,low
TAS2R43,cholecalciferol,unknown,,low
TAS2R44,cholecalciferol,unknown,,low
TAS2R46,cholecalciferol,unknown,,low
TAS2R47,cholecalciferol,unknown,,low
TAS2R49,cholecalciferol,unknown,,low
TAS2R5,cholecalciferol,unknown,,low
TAS2R50,cholecalciferol,unknown,,low
TAS2R7,cholecalciferol,unknown,,low
TAS2R8,cholecalciferol,unknown,,low
TAS2R9,cholecalciferol,unknown,,low
TAS2R1,folic acid,unknown,,low
TAS2R10,folic acid,unknown,,low
TAS2R13,folic acid,unknown,,low
TAS2R14,folic acid,unknown,,low
TAS2R16,folic acid,unknown,,low
TAS2R2,folic acid,unknown,,low
TAS2R3,folic acid,unknown,,low
TAS2R38,folic acid,unknown,,low
TAS2R39,folic acid,unknown,,low
TAS2R4,folic acid,unknown,,low
TAS2R40,folic acid,unknown,,low
TAS2R41,folic acid,unknown,,low
TAS2R42,folic acid,unknown,,low
TAS2R43,folic acid,unknown,,low
TAS2R44,folic acid,unknown,,low
TAS2R46,folic acid,unknown,,low
TAS2R47,folic acid,unknown,,low
TAS2R49,folic acid,unknown,,low
TAS2R5,folic acid,unknown,,low
TAS2R50,folic acid,unknown,,low
TAS2R7,folic acid,unknown,,low
TAS2R8,folic acid,unknown,,low
TAS2R9,folic acid,unknown,,low
TAS2R1,cyanocobalamin,unknown,,low
TAS2R10,cyanocobalamin,unknown,,low
TAS2R13,cyanocobalamin,unknown,,low
TAS2R14,cyanocobalamin,unknown,,low
TAS2R16,cyanocobalamin,unknown,,low
TAS2R2,cyanocobalamin,unknown,,low
TAS2R3,cyanocobalamin,unknown,,low
TAS2R38,cyanocobalamin,unknown,,low
TAS2R39,cyanocobalamin,unknown,,low
TAS2R4,cyanocobalamin,unknown,,low
TAS2R40,cyanocobalamin,unknown,,low
TAS2R41,cyanocobalamin,unknown,,low
TAS2R42,cyanocobalamin,unknown,,low
TAS2R43,cyanocobalamin,unknown,,low
TAS2R44,cyanocobalamin,unknown,,low
TAS2R46,cyanocobalamin,unknown,,low
TAS2R47,cyanocobalamin,unknown,,low
TAS2R49,cyanocobalamin,unknown,,low
TAS2R5,cyanocobalamin,unknown,,low
TAS2R50,cyanocobalamin,unknown,,low
TAS2R7,cyanocobalamin,unknown,,low
TAS2R8,cyanocobalamin,unknown,,low
TAS2R9,cyanocobalamin,unknown,,low
TAS2R1,thiamine,known_agonism,BitterDB,medium
TAS2R10,thiamine,unknown,,medium
TAS2R13,thiamine,unknown,,medium
TAS2R14,thiamine,unknown,,medium
TAS2R16,thiamine,unknown,,medium
TAS2R2,thiamine,unknown,,medium
TAS2R3,thiamine,unknown,,medium
TAS2R38,thiamine,unknown,,medium
TAS2R39,thiamine,known_agonism,BitterDB,medium
TAS2R4,thiamine,unknown,,medium
TAS2R40,thiamine,unknown,,medium
TAS2R41,thiamine,unknown,,medium
TAS2R42,thiamine,unknown,,medium
TAS2R43,thiamine,unknown,,medium
TAS2R44,thiamine,unknown,,medium
TAS2R46,thiamine,unknown,,medium
TAS2R47,thiamine,unknown,,medium
TAS2R49,thiamine,unknown,,medium
TAS2R5,thiamine,unknown,,medium
TAS2R50,thiamine,unknown,,medium
TAS2R7,thiamine,unknown,,medium
TAS2R8,thiamine,unknown,,medium
TAS2R9,thiamine,unknown,,medium
TAS2R1,ascorbic acid,unknown,,high
TAS2R10,ascorbic acid,unknown,,high
TAS2R13,ascorbic acid,unknown,,high
TAS2R14,ascorbic acid,unknown,,high
TAS2R16,ascorbic acid,unknown,,high
TAS2R2,ascorbic acid,unknown,,high
TAS2R3,ascorbic acid,unknown,,high
TAS2R38,ascorbic acid,unknown,,high
TAS2R39,ascorbic acid,unknown,,high
TAS2R4,ascorbic acid,unknown,,high
TAS2R40,ascorbic acid,unknown,,high
TAS2R41,ascorbic acid,unknown,,high
TAS2R42,ascorbic acid,unknown,,high
TAS2R43,ascorbic acid,unknown,,high
TAS2R44,ascorbic acid,unknown,,high
TAS2R46,ascorbic acid,unknown,,high
TAS2R47,ascorbic acid,unknown,,high
TAS2R49,ascorbic acid,unknown,,high
TAS2R5,ascorbic acid,unknown,,high
TAS2R50,ascorbic acid,unknown,,high
TAS2R7,ascorbic acid,unknown,,high
TAS2R8,ascorbic acid,unknown,,high
TAS2R9,ascorbic acid,unknown,,high
TAS2R1,zinc sulfate,unknown,,high
TAS2R10,zinc sulfate,unknown,,high
TAS2R13,zinc sulfate,unknown,,high
TAS2R14,zinc sulfate,unknown,,high
TAS2R16,zinc sulfate,unknown,,high
TAS2R2,zinc sulfate,unknown,,high
TAS2R3,zinc sulfate,unknown,,high
TAS2R38,zinc sulfate,unknown,,high
TAS2R39,zinc sulfate,unknown,,high
TAS2R4,zinc sulfate,unknown,,high
TAS2R40,zinc sulfate,unknown,,high
TAS2R41,zinc sulfate,unknown,,high
TAS2R42,zinc sulfate,unknown,,high
TAS2R43,zinc sulfate,unknown,,high
TAS2R44,zinc sulfate,unknown,,high
TAS2R46,zinc sulfate,unknown,,high
TAS2R47,zinc sulfate,unknown,,high
TAS2R49,zinc sulfate,unknown,,high
TAS2R5,zinc sulfate,unknown,,high
TAS2R50,zinc sulfate,unknown,,high
TAS2R7,zinc sulfate,unknown,,high
TAS2R8,zinc sulfate,unknown,,high
TAS2R9,zinc sulfate,unknown,,high
TAS2R1,fluoxetine,unknown,,medium
TAS2R10,fluoxetine,unknown,,medium
TAS2R13,fluoxetine,unknown,,medium
TAS2R14,fluoxetine,unknown,,medium
TAS2R16,fluoxetine,unknown,,medium
TAS2R2,fluoxetine,unknown,,medium
TAS2R3,fluoxetine,unknown,,medium
TAS2R38,fluoxetine,unknown,,medium
TAS2R39,fluoxetine,unknown,,medium
TAS2R4,fluoxetine,unknown,,medium
TAS2R40,fluoxetine,unknown,,medium
TAS2R41,fluoxetine,unknown,,medium
TAS2R42,fluoxetine,unknown,,medium
TAS2R43,fluoxetine,unknown,,medium
TAS2R44,fluoxetine,unknown,,medium
TAS2R46,fluoxetine,unknown,,medium
TAS2R47,fluoxetine,unknown,,medium
TAS2R49,fluoxetine,unknown,,medium
TAS2R5,fluoxetine,unknown,,medium
TAS2R50,fluoxetine,unknown,,medium
TAS2R7,fluoxetine,unknown,,medium
TAS2R8,fluoxetine,unknown,,medium
TAS2R9,fluoxetine,unknown,,medium
TAS2R1,sertraline,unknown,,medium
TAS2R10,sertraline,unknown,,medium
TAS2R13,sertraline,unknown,,medium
TAS2R14,sertraline,unknown,,medium
TAS2R16,sertraline,unknown,,medium
TAS2R2,sertraline,unknown,,medium
TAS2R3,sertraline,unknown,,medium
TAS2R38,sertraline,unknown,,medium
TAS2R39,sertraline,unknown,,medium
TAS2R4,sertraline,unknown,,medium
TAS2R40,sertraline,unknown,,medium
TAS2R41,sertraline,unknown,,medium
TAS2R42,sertraline,unknown,,medium
TAS2R43,sertraline,unknown,,medium
TAS2R44,sertraline,unknown,,medium
TAS2R46,sertraline,unknown,,medium
TAS2R47,sertraline,unknown,,medium
TAS2R49,sertraline,unknown,,medium
TAS2R5,sertraline,unknown,,medium
TAS2R50,sertraline,unknown,,medium
TAS2R7,sertraline,unknown,,medium
TAS2R8,sertraline,unknown,,medium
TAS2R9,sertraline,unknown,,medium
TAS2R1,paroxetine,unknown,,medium
TAS2R10,paroxetine,unknown,,medium
TAS2R13,paroxetine,unknown,,medium
TAS2R14,paroxetine,unknown,,medium
TAS2R16,paroxetine,unknown,,medium
TAS2R2,paroxetine,unknown,,medium
TAS2R3,paroxetine,unknown,,medium
TAS2R38,paroxetine,unknown,,medium
TAS2R39,paroxetine,unknown,,medium
TAS2R4,paroxetine,unknown,,medium
TAS2R40,paroxetine,unknown,,medium
TAS2R41,paroxetine,unknown,,medium
TAS2R42,paroxetine,unknown,,medium
TAS2R43,paroxetine,unknown,,medium
TAS2R44,paroxetine,unknown,,medium
TAS2R46,paroxetine,unknown,,medium
TAS2R47,paroxetine,unknown,,medium
TAS2R49,paroxetine,unknown,,medium
TAS2R5,paroxetine,unknown,,medium
TAS2R50,paroxetine,unknown,,medium
TAS2R7,paroxetine,unknown,,medium
TAS2R8,paroxetine,unknown,,medium
TAS2R9,paroxetine,unknown,,medium
TAS2R1,escitalopram,unknown,,low
TAS2R10,escitalopram,unknown,,low
TAS2R13,escitalopram,unknown,,low
TAS2R14,escitalopram,unknown,,low
TAS2R16,escitalopram,unknown,,low
TAS2R2,escitalopram,unknown,,low
TAS2R3,escitalopram,unknown,,low
TAS2R38,escitalopram,unknown,,low
TAS2R39,escitalopram,unknown,,low
TAS2R4,escitalopram,unknown,,low
TAS2R40,escitalopram,unknown,,low
TAS2R41,escitalopram,unknown,,low
TAS2R42,escitalopram,unknown,,low
TAS2R43,escitalopram,unknown,,low
TAS2R44,escitalopram,unknown,,low
TAS2R46,escitalopram,unknown,,low
TAS2R47,escitalopram,unknown,,low
TAS2R49,escitalopram,unknown,,low
TAS2R5,escitalopram,unknown,,low
TAS2R50,escitalopram,unknown,,low
TAS2R7,escitalopram,unknown,,low
TAS2R8,escitalopram,unknown,,low
TAS2R9,escitalopram,unknown,,low
TAS2R1,venlafaxine,unknown,,low
TAS2R10,venlafaxine,unknown,,low
TAS2R13,venlafaxine,unknown,,low
TAS2R14,venlafaxine,unknown,,low
TAS2R16,venlafaxine,unknown,,low
TAS2R2,venlafaxine,unknown,,low
TAS2R3,venlafaxine,unknown,,low
TAS2R38,venlafaxine,unknown,,low
TAS2R39,venlafaxine,unknown,,low
TAS2R4,venlafaxine,unknown,,low
TAS2R40,venlafaxine,unknown,,low
TAS2R41,venlafaxine,unknown,,low
TAS2R42,venlafaxine,unknown,,low
TAS2R43,venlafaxine,unknown,,low
TAS2R44,venlafaxine,unknown,,low
TAS2R46,venlafaxine,unknown,,low
TAS2R47,venlafaxine,unknown,,low
TAS2R49,venlafaxine,unknown,,low
TAS2R5,venlafaxine,unknown,,low
TAS2R50,venlafaxine,unknown,,low
TAS2R7,venlafaxine,unknown,,low
TAS2R8,venlafaxine,unknown,,low
TAS2R9,venlafaxine,unknown,,low
TAS2R1,duloxetine,unknown,,low
TAS2R10,duloxetine,unknown,,low
TAS2R13,duloxetine,unknown,,low
TAS2R14,duloxetine,unknown,,low
TAS2R16,duloxetine,unknown,,low
TAS2R2,duloxetine,unknown,,low
TAS2R3,duloxetine,unknown,,low
TAS2R38,duloxetine,unknown,,low
TAS2R39,duloxetine,unknown,,low
TAS2R4,duloxetine,unknown,,low
TAS2R40,duloxetine,unknown,,low
TAS2R41,duloxetine,unknown,,low
TAS2R42,duloxetine,unknown,,low
TAS2R43,duloxetine,unknown,,low
TAS2R44,duloxetine,unknown,,low
TAS2R46,duloxetine,unknown,,low
TAS2R47,duloxetine,unknown,,low
TAS2R49,duloxetine,unknown,,low
TAS2R5,duloxetine,unknown,,low
TAS2R50,duloxetine,unknown,,low
TAS2R7,duloxetine,unknown,,low
TAS2R8,duloxetine,unknown,,low
TAS2R9,duloxetine,unknown,,low
TAS2R1,amitriptyline,unknown,,high
TAS2R10,amitriptyline,unknown,,high
TAS2R13,amitriptyline,unknown,,high
TAS2R14,amitriptyline,unknown,,high
TAS2R16,amitriptyline,unknown,,high
TAS2R2,amitriptyline,unknown,,high
TAS2R3,amitriptyline,unknown,,high
TAS2R38,amitriptyline,unknown,,high
TAS2R39,amitriptyline,unknown,,high
TAS2R4,amitriptyline,unknown,,high
TAS2R40,amitriptyline,unknown,,high
TAS2R41,amitriptyline,unknown,,high
TAS2R42,amitriptyline,unknown,,high
TAS2R43,amitriptyline,unknown,,high
TAS2R44,amitriptyline,unknown,,high
TAS2R46,amitriptyline,unknown,,high
TAS2R47,amitriptyline,unknown,,high
TAS2R49,amitriptyline,unknown,,high
TAS2R5,amitriptyline,unknown,,high
TAS2R50,amitriptyline,unknown,,high
TAS2R7,amitriptyline,unknown,,high
TAS2R8,amitriptyline,unknown,,high
TAS2R9,amitriptyline,unknown,,high
TAS2R1,nortriptyline,unknown,,high
TAS2R10,nortriptyline,unknown,,high
TAS2R13,nortriptyline,unknown,,high
TAS2R14,nortriptyline,unknown,,high
TAS2R16,nortriptyline,unknown,,high
TAS2R2,nortriptyline,unknown,,high
TAS2R3,nortriptyline,unknown,,high
TAS2R38,nortriptyline,unknown,,high
TAS2R39,nortriptyline,unknown,,high
TAS2R4,nortriptyline,unknown,,high
TAS2R40,nortriptyline,unknown,,high
TAS2R41,nortriptyline,unknown,,high
TAS2R42,nortriptyline,unknown,,high
TAS2R43,nortriptyline,unknown,,high
TAS2R44,nortriptyline,unknown,,high
TAS2R46,nortriptyline,unknown,,high
TAS2R47,nortriptyline,unknown,,high
TAS2R49,nortriptyline,unknown,,high
TAS2R5,nortriptyline,unknown,,high
TAS2R50,nortriptyline,unknown,,high
TAS2R7,nortriptyline,unknown,,high
TAS2R8,nortriptyline,unknown,,high
TAS2R9,nortriptyline,unknown,,high
TAS2R1,imipramine,unknown,,high
TAS2R10,imipramine,unknown,,high
TAS2R13,imipramine,unknown,,high
TAS2R14,imipramine,unknown,,high
TAS2R16,imipramine,unknown,,high
TAS2R2,imipramine,unknown,,high
TAS2R3,imipramine,unknown,,high
TAS2R38,imipramine,unknown,,high
TAS2R39,imipramine,unknown,,high
TAS2R4,imipramine,unknown,,high
TAS2R40,imipramine,unknown,,high
TAS2R41,imipramine,unknown,,high
TAS2R42,imipramine,unknown,,high
TAS2R43,imipramine,unknown,,high
TAS2R44,imipramine,unknown,,high
TAS2R46,imipramine,unknown,,high
TAS2R47,imipramine,unknown,,high
TAS2R49,imipramine,unknown,,high
TAS2R5,imipramine,unknown,,high
TAS2R50,imipramine,unknown,,high
TAS2R7,imipramine,unknown,,high
TAS2R8,imipramine,unknown,,high
TAS2R9,imipramine,unknown,,high
TAS2R1,mirtazapine,unknown,,medium
TAS2R10,mirtazapine,unknown,,medium
TAS2R13,mirtazapine,unknown,,medium
TAS2R14,mirtazapine,unknown,,medium
TAS2R16,mirtazapine,unknown,,medium
TAS2R2,mirtazapine,unknown,,medium
TAS2R3,mirtazapine,unknown,,medium
TAS2R38,mirtazapine,unknown,,medium
TAS2R39,mirtazapine,unknown,,medium
TAS2R4,mirtazapine,unknown,,medium
TAS2R40,mirtazapine,unknown,,medium
TAS2R41,mirtazapine,unknown,,medium
TAS2R42,mirtazapine,unknown,,medium
TAS2R43,mirtazapine,unknown,,medium
TAS2R44,mirtazapine,unknown,,medium
TAS2R46,mirtazapine,unknown,,medium
TAS2R47,mirtazapine,unknown,,medium
TAS2R49,mirtazapine,unknown,,medium
TAS2R5,mirtazapine,unknown,,medium
TAS2R50,mirtazapine,unknown,,medium
TAS2R7,mirtazapine,unknown,,medium
TAS2R8,mirtazapine,unknown,,medium
TAS2R9,mirtazapine,unknown,,medium
TAS2R1,trazodone,unknown,,medium
TAS2R10,trazodone,unknown,,medium
TAS2R13,trazodone,unknown,,medium
TAS2R14,trazodone,unknown,,medium
TAS2R16,trazodone,unknown,,medium
TAS2R2,trazodone,unknown,,medium
TAS2R3,trazodone,unknown,,medium
TAS2R38,trazodone,unknown,,medium
TAS2R39,trazodone,unknown,,medium
TAS2R4,trazodone,unknown,,medium
TAS2R40,trazodone,unknown,,medium
TAS2R41,trazodone,unknown,,medium
TAS2R42,trazodone,unknown,,medium
TAS2R43,trazodone,unknown,,medium
TAS2R44,trazodone,unknown,,medium
TAS2R46,trazodone,unknown,,medium
TAS2R47,trazodone,unknown,,medium
TAS2R49,trazodone,unknown,,medium
TAS2R5,trazodone,unknown,,medium
TAS2R50,trazodone,unknown,,medium
TAS2R7,trazodone,unknown,,medium
TAS2R8,trazodone,unknown,,medium
TAS2R9,trazodone,unknown,,medium
TAS2R1,quetiapine,unknown,,low
TAS2R10,quetiapine,unknown,,low
TAS2R13,quetiapine,unknown,,low
TAS2R14,quetiapine,unknown,,low
TAS2R16,quetiapine,unknown,,low
TAS2R2,quetiapine,unknown,,low
TAS2R3,quetiapine,unknown,,low
TAS2R38,quetiapine,unknown,,low
TAS2R39,quetiapine,unknown,,low
TAS2R4,quetiapine,unknown,,low
TAS2R40,quetiapine,unknown,,low
TAS2R41,quetiapine,unknown,,low
TAS2R42,quetiapine,unknown,,low
TAS2R43,quetiapine,unknown,,low
TAS2R44,quetiapine,unknown,,low
TAS2R46,quetiapine,unknown,,low
TAS2R47,quetiapine,unknown,,low
TAS2R49,quetiapine,unknown,,low
TAS2R5,quetiapine,unknown,,low
TAS2R50,quetiapine,unknown,,low
TAS2R7,quetiapine,unknown,,low
TAS2R8,quetiapine,unknown,,low
TAS2R9,quetiapine,unknown,,low
TAS2R1,olanzapine,unknown,,medium
TAS2R10,olanzapine,unknown,,medium
TAS2R13,olanzapine,unknown,,medium
TAS2R14,olanzapine,unknown,,medium
TAS2R16,olanzapine,unknown,,medium
TAS2R2,olanzapine,unknown,,medium
TAS2R3,olanzapine,unknown,,medium
TAS2R38,olanzapine,unknown,,medium
TAS2R39,olanzapine,unknown,,medium
TAS2R4,olanzapine,unknown,,medium
TAS2R40,olanzapine,unknown,,medium
TAS2R41,olanzapine,unknown,,medium
TAS2R42,olanzapine,unknown,,medium
TAS2R43,olanzapine,unknown,,medium
TAS2R44,olanzapine,unknown,,medium
TAS2R46,olanzapine,unknown,,medium
TAS2R47,olanzapine,unknown,,medium
TAS2R49,olanzapine,unknown,,medium
TAS2R5,olanzapine,unknown,,medium
TAS2R50,olanzapine,unknown,,medium
TAS2R7,olanzapine,unknown,,medium
TAS2R8,olanzapine,unknown,,medium
TAS2R9,olanzapine,unknown,,medium
TAS2R1,risperidone,unknown,,medium
TAS2R10,risperidone,unknown,,medium
TAS2R13,risperidone,unknown,,medium
TAS2R14,risperidone,unknown,,medium
TAS2R16,risperidone,unknown,,medium
TAS2R2,risperidone,unknown,,medium
TAS2R3,risperidone,unknown,,medium
TAS2R38,risperidone,unknown,,medium
TAS2R39,risperidone,unknown,,medium
TAS2R4,risperidone,unknown,,medium
TAS2R40,risperidone,unknown,,medium
TAS2R41,risperidone,unknown,,medium
TAS2R42,risperidone,unknown,,medium
TAS2R43,risperidone,unknown,,medium
TAS2R44,risperidone,unknown,,medium
TAS2R46,risperidone,unknown,,medium
TAS2R47,risperidone,unknown,,medium
TAS2R49,risperidone,unknown,,medium
TAS2R5,risperidone,unknown,,medium
TAS2R50,risperidone,unknown,,medium
TAS2R7,risperidone,unknown,,medium
TAS2R8,risperidone,unknown,,medium
TAS2R9,risperidone,unknown,,medium
TAS2R1,aripiprazole,unknown,,medium
TAS2R10,aripiprazole,unknown,,medium
TAS2R13,aripiprazole,unknown,,medium
TAS2R14,aripiprazole,unknown,,medium
TAS2R16,aripiprazole,unknown,,medium
TAS2R2,aripiprazole,unknown,,medium
TAS2R3,aripiprazole,unknown,,medium
TAS2R38,aripiprazole,unknown,,medium
TAS2R39,aripiprazole,unknown,,medium
TAS2R4,aripiprazole,unknown,,medium
TAS2R40,aripiprazole,unknown,,medium
TAS2R41,aripiprazole,unknown,,medium
TAS2R42,aripiprazole,unknown,,medium
TAS2R43,aripiprazole,unknown,,medium
TAS2R44,aripiprazole,unknown,,medium
TAS2R46,aripiprazole,unknown,,medium
TAS2R47,aripiprazole,unknown,,medium
TAS2R49,aripiprazole,unknown,,medium
TAS2R5,aripiprazole,unknown,,medium
TAS2R50,aripiprazole,unknown,,medium
TAS2R7,aripiprazole,unknown,,medium
TAS2R8,aripiprazole,unknown,,medium
TAS2R9,aripiprazole,unknown,,medium
TAS2R1,haloperidol,unknown,,high
TAS2R10,haloperidol,known_agonism,BitterDB,high
TAS2R13,haloperidol,unknown,,high
TAS2R14,haloperidol,known_agonism,BitterDB,high
TAS2R16,haloperidol,unknown,,high
TAS2R2,haloperidol,unknown,,high
TAS2R3,haloperidol,unknown,,high
TAS2R38,haloperidol,unknown,,high
TAS2R39,haloperidol,unknown,,high
TAS2R4,haloperidol,unknown,,high
TAS2R40,haloperidol,unknown,,high
TAS2R41,haloperidol,unknown,,high
TAS2R42,haloperidol,unknown,,high
TAS2R43,haloperidol,unknown,,high
TAS2R44,haloperidol,unknown,,high
TAS2R46,haloperidol,unknown,,high
TAS2R47,haloperidol,unknown,,high
TAS2R49,haloperidol,unknown,,high
TAS2R5,haloperidol,unknown,,high
TAS2R50,haloperidol,unknown,,high
TAS2R7,haloperidol,unknown,,high
TAS2R8,haloperidol,unknown,,high
TAS2R9,haloperidol,unknown,,high
TAS2R1,clozapine,unknown,,medium
TAS2R10,clozapine,unknown,,medium
TAS2R13,clozapine,unknown,,medium
TAS2R14,clozapine,unknown,,medium
TAS2R16,clozapine,unknown,,medium
TAS2R2,clozapine,unknown,,medium
TAS2R3,clozapine,unknown,,medium
TAS2R38,clozapine,unknown,,medium
TAS2R39,clozapine,unknown,,medium
TAS2R4,clozapine,unknown,,medium
TAS2R40,clozapine,unknown,,medium
TAS2R41,clozapine,unknown,,medium
TAS2R42,clozapine,unknown,,medium
TAS2R43,clozapine,unknown,,medium
TAS2R44,clozapine,unknown,,medium
TAS2R46,clozapine,unknown,,medium
TAS2R47,clozapine,unknown,,medium
TAS2R49,clozapine,unknown,,medium
TAS2R5,clozapine,unknown,,medium
TAS2R50,clozapine,unknown,,medium
TAS2R7,clozapine,unknown,,medium
TAS2R8,clozapine,unknown,,medium
TAS2R9,clozapine,unknown,,medium
TAS2R1,lamotrigine,unknown,,high
TAS2R10,lamotrigine,unknown,,high
TAS2R13,lamotrigine,unknown,,high
TAS2R14,lamotrigine,unknown,,high
TAS2R16,lamotrigine,unknown,,high
TAS2R2,lamotrigine,unknown,,high
TAS2R3,lamotrigine,unknown,,high
TAS2R38,lamotrigine,unknown,,high
TAS2R39,lamotrigine,unknown,,high
TAS2R4,lamotrigine,unknown,,high
TAS2R40,lamotrigine,unknown,,high
TAS2R41,lamotrigine,unknown,,high
TAS2R42,lamotrigine,unknown,,high
TAS2R43,lamotrigine,unknown,,high
TAS2R44,lamotrigine,unknown,,high
TAS2R46,lamotrigine,unknown,,high
TAS2R47,lamotrigine,unknown,,high
TAS2R49,lamotrigine,unknown,,high
TAS2R5,lamotrigine,unknown,,high
TAS2R50,lamotrigine,unknown,,high
TAS2R7,lamotrigine,unknown,,high
TAS2R8,lamotrigine,unknown,,high
TAS2R9,lamotrigine,unknown,,high
TAS2R1,levetiracetam,unknown,,high
TAS2R10,levetiracetam,unknown,,high
TAS2R13,levetiracetam,unknown,,high
TAS2R14,levetiracetam,unknown,,high
TAS2R16,levetiracetam,unknown,,high
TAS2R2,levetiracetam,unknown,,high
TAS2R3,levetiracetam,unknown,,high
TAS2R38,levetiracetam,unknown,,high
TAS2R39,levetiracetam,unknown,,high
TAS2R4,levetiracetam,unknown,,high
TAS2R40,levetiracetam,unknown,,high
TAS2R41,levetiracetam,unknown,,high
TAS2R42,levetiracetam,unknown,,high
TAS2R43,levetiracetam,unknown,,high
TAS2R44,levetiracetam,unknown,,high
TAS2R46,levetiracetam,unknown,,high
TAS2R47,levetiracetam,unknown,,high
TAS2R49,levetiracetam,unknown,,high
TAS2R5,levetiracetam,unknown,,high
TAS2R50,levetiracetam,unknown,,high
TAS2R7,levetiracetam,unknown,,high
TAS2R8,levetiracetam,unknown,,high
TAS2R9,levetiracetam,unknown,,high
TAS2R1,valproate,unknown,,high
TAS2R10,valproate,unknown,,high
TAS2R13,valproate,unknown,,high
TAS2R14,valproate,unknown,,high
TAS2R16,valproate,unknown,,high
TAS2R2,valproate,unknown,,high
TAS2R3,valproate,unknown,,high
TAS2R38,valproate,unknown,,high
TAS2R39,valproate,unknown,,high
TAS2R4,valproate,unknown,,high
TAS2R40,valproate,unknown,,high
TAS2R41,valproate,unknown,,high
TAS2R42,valproate,unknown,,high
TAS2R43,valproate,unknown,,high
TAS2R44,valproate,unknown,,high
TAS2R46,valproate,unknown,,high
TAS2R47,valproate,unknown,,high
TAS2R49,valproate,unknown,,high
TAS2R5,valproate,unknown,,high
TAS2R50,valproate,unknown,,high
TAS2R7,valproate,unknown,,high
TAS2R8,valproate,unknown,,high
TAS2R9,valproate,unknown,,high
TAS2R1,carbamazepine,unknown,,high
TAS2R10,carbamazepine,unknown,,high
TAS2R13,carbamazepine,unknown,,high
TAS2R14,carbamazepine,unknown,,high
TAS2R16,carbamazepine,unknown,,high
TAS2R2,carbamazepine,unknown,,high
TAS2R3,carbamazepine,unknown,,high
TAS2R38,carbamazepine,unknown,,high
TAS2R39,carbamazepine,unknown,,high
TAS2R4,carbamazepine,unknown,,high
TAS2R40,carbamazepine,unknown,,high
TAS2R41,carbamazepine,unknown,,high
TAS2R42,carbamazepine,unknown,,high
TAS2R43,carbamazepine,unknown,,high
TAS2R44,carbamazepine,unknown,,high
TAS2R46,carbamazepine,unknown,,high
TAS2R47,carbamazepine,unknown,,high
TAS2R49,carbamazepine,unknown,,high
TAS2R5,carbamazepine,unknown,,high
TAS2R50,carbamazepine,unknown,,high
TAS2R7,carbamazepine,unknown,,high
TAS2R8,carbamazepine,unknown,,high
TAS2R9,carbamazepine,unknown,,high
TAS2R1,topiramate,unknown,,high
TAS2R10,topiramate,unknown,,high
TAS2R13,topiramate,unknown,,high
TAS2R14,topiramate,unknown,,high
TAS2R16,topiramate,unknown,,high
TAS2R2,topiramate,unknown,,high
TAS2R3,topiramate,unknown,,high
TAS2R38,topiramate,unknown,,high
TAS2R39,topiramate,unknown,,high
TAS2R4,topiramate,unknown,,high
TAS2R40,topiramate,unknown,,high
TAS2R41,topiramate,unknown,,high
TAS2R42,topiramate,unknown,,high
TAS2R43,topiramate,unknown,,high
TAS2R44,topiramate,unknown,,high
TAS2R46,topiramate,unknown,,high
TAS2R47,topiramate,unknown,,high
TAS2R49,topiramate,unknown,,high
TAS2R5,topiramate,unknown,,high
TAS2R50,topiramate,unknown,,high
TAS2R7,topiramate,unknown,,high
TAS2R8,topiramate,unknown,,high
TAS2R9,topiramate,unknown,,high
TAS2R1,gabapentin,unknown,,medium
TAS2R10,gabapentin,unknown,,medium
TAS2R13,gabapentin,unknown,,medium
TAS2R14,gabapentin,unknown,,medium
TAS2R16,gabapentin,unknown,,medium
TAS2R2,gabapentin,unknown,,medium
TAS2R3,gabapentin,unknown,,medium
TAS2R38,gabapentin,unknown,,medium
TAS2R39,gabapentin,unknown,,medium
TAS2R4,gabapentin,unknown,,medium
TAS2R40,gabapentin,unknown,,medium
TAS2R41,gabapentin,unknown,,medium
TAS2R42,gabapentin,unknown,,medium
TAS2R43,gabapentin,unknown,,medium
TAS2R44,gabapentin,unknown,,medium
TAS2R46,gabapentin,unknown,,medium
TAS2R47,gabapentin,unknown,,medium
TAS2R49,gabapentin,unknown,,medium
TAS2R5,gabapentin,unknown,,medium
TAS2R50,gabapentin,unknown,,medium
TAS2R7,gabapentin,unknown,,medium
TAS2R8,gabapentin,unknown,,medium
TAS2R9,gabapentin,unknown,,medium
TAS2R1,pregabalin,unknown,,medium
TAS2R10,pregabalin,unknown,,medium
TAS2R13,pregabalin,unknown,,medium
TAS2R14,pregabalin,unknown,,medium
TAS2R16,pregabalin,unknown,,medium
TAS2R2,pregabalin,unknown,,medium
TAS2R3,pregabalin,unknown,,medium
TAS2R38,pregabalin,unknown,,medium
TAS2R39,pregabalin,unknown,,medium
TAS2R4,pregabalin,unknown,,medium
TAS2R40,pregabalin,unknown,,medium
TAS2R41,pregabalin,unknown,,medium
TAS2R42,pregabalin,unknown,,medium
TAS2R43,pregabalin,unknown,,medium
TAS2R44,pregabalin,unknown,,medium
TAS2R46,pregabalin,unknown,,medium
TAS2R47,pregabalin,unknown,,medium
TAS2R49,pregabalin,unknown,,medium
TAS2R5,pregabalin,unknown,,medium
TAS2R50,pregabalin,unknown,,medium
TAS2R7,pregabalin,unknown,,medium
TAS2R8,pregabalin,unknown,,medium
TAS2R9,pregabalin,unknown,,medium
TAS2R1,phenytoin,unknown,,high
TAS2R10,phenytoin,unknown,,high
TAS2R13,phenytoin,unknown,,high
TAS2R14,phenytoin,unknown,,high
TAS2R16,phenytoin,unknown,,high
TAS2R2,phenytoin,unknown,,high
TAS2R3,phenytoin,unknown,,high
TAS2R38,phenytoin,unknown,,high
TAS2R39,phenytoin,unknown,,high
TAS2R4,phenytoin,unknown,,high
TAS2R40,phenytoin,unknown,,high
TAS2R41,phenytoin,unknown,,high
TAS2R42,phenytoin,unknown,,high
TAS2R43,phenytoin,unknown,,high
TAS2R44,phenytoin,unknown,,high
TAS2R46,phenytoin,unknown,,high
TAS2R47,phenytoin,unknown,,high
TAS2R49,phenytoin,unknown,,high
TAS2R5,phenytoin,unknown,,high
TAS2R50,phenytoin,unknown,,high
TAS2R7,phenytoin,unknown,,high
TAS2R8,phenytoin,unknown,,high
TAS2R9,phenytoin,unknown,,high
TAS2R1,lithium carbonate,unknown,,medium
TAS2R10,lithium carbonate,unknown,,medium
TAS2R13,lithium carbonate,unknown,,medium
TAS2R14,lithium carbonate,unknown,,medium
TAS2R16,lithium carbonate,unknown,,medium
TAS2R2,lithium carbonate,unknown,,medium
TAS2R3,lithium carbonate,unknown,,medium
TAS2R38,lithium carbonate,unknown,,medium
TAS2R39,lithium carbonate,unknown,,medium
TAS2R4,lithium carbonate,unknown,,medium
TAS2R40,lithium carbonate,unknown,,medium
TAS2R41,lithium carbonate,unknown,,medium
TAS2R42,lithium carbonate,unknown,,medium
TAS2R43,lithium carbonate,unknown,,medium
TAS2R44,lithium carbonate,unknown,,medium
TAS2R46,lithium carbonate,unknown,,medium
TAS2R47,lithium carbonate,unknown,,medium
TAS2R49,lithium carbonate,unknown,,medium
TAS2R5,lithium carbonate,unknown,,medium
TAS2R50,lithium carbonate,unknown,,medium
TAS2R7,lithium carbonate,unknown,,medium
TAS2R8,lithium carbonate,unknown,,medium
TAS2R9,lithium carbonate,unknown,,medium
TAS2R1,methylphenidate,unknown,,medium
TAS2R10,methylphenidate,unknown,,medium
TAS2R13,methylphenidate,unknown,,medium
TAS2R14,methylphenidate,unknown,,medium
TAS2R16,methylphenidate,unknown,,medium
TAS2R2,methylphenidate,unknown,,medium
TAS2R3,methylphenidate,unknown,,medium
TAS2R38,methylphenidate,unknown,,medium
TAS2R39,methylphenidate,unknown,,medium
TAS2R4,methylphenidate,unknown,,medium
TAS2R40,methylphenidate,unknown,,medium
TAS2R41,methylphenidate,unknown,,medium
TAS2R42,methylphenidate,unknown,,medium
TAS2R43,methylphenidate,unknown,,medium
TAS2R44,methylphenidate,unknown,,medium
TAS2R46,methylphenidate,unknown,,medium
TAS2R47,methylphenidate,unknown,,medium
TAS2R49,methylphenidate,unknown,,medium
TAS2R5,methylphenidate,unknown,,medium
TAS2R50,methylphenidate,unknown,,medium
TAS2R7,methylphenidate,unknown,,medium
TAS2R8,methylphenidate,unknown,,medium
TAS2R9,methylphenidate,unknown,,medium
TAS2R1,lisdexamfetamine,unknown,,medium
TAS2R10,lisdexamfetamine,unknown,,medium
TAS2R13,lisdexamfetamine,unknown,,medium
TAS2R14,lisdexamfetamine,unknown,,medium
TAS2R16,lisdexamfetamine,unknown,,medium
TAS2R2,lisdexamfetamine,unknown,,medium
TAS2R3,lisdexamfetamine,unknown,,medium
TAS2R38,lisdexamfetamine,unknown,,medium
TAS2R39,lisdexamfetamine,unknown,,medium
TAS2R4,lisdexamfetamine,unknown,,medium
TAS2R40,lisdexamfetamine,unknown,,medium
TAS2R41,lisdexamfetamine,unknown,,medium
TAS2R42,lisdexamfetamine,unknown,,medium
TAS2R43,lisdexamfetamine,unknown,,medium
TAS2R44,lisdexamfetamine,unknown,,medium
TAS2R46,lisdexamfetamine,unknown,,medium
TAS2R47,lisdexamfetamine,unknown,,medium
TAS2R49,lisdexamfetamine,unknown,,medium
TAS2R5,lisdexamfetamine,unknown,,medium
TAS2R50,lisdexamfetamine,unknown,,medium
TAS2R7,lisdexamfetamine,unknown,,medium
TAS2R8,lisdexamfetamine,unknown,,medium
TAS2R9,lisdexamfetamine,unknown,,medium
TAS2R1,atomoxetine,unknown,,low
TAS2R10,atomoxetine,unknown,,low
TAS2R13,atomoxetine,unknown,,low
TAS2R14,atomoxetine,unknown,,low
TAS2R16,atomoxetine,unknown,,low
TAS2R2,atomoxetine,unknown,,low
TAS2R3,atomoxetine,unknown,,low
TAS2R38,atomoxetine,unknown,,low
TAS2R39,atomoxetine,unknown,,low
TAS2R4,atomoxetine,unknown,,low
TAS2R40,atomoxetine,unknown,,low
TAS2R41,atomoxetine,unknown,,low
TAS2R42,atomoxetine,unknown,,low
TAS2R43,atomoxetine,unknown,,low
TAS2R44,atomoxetine,unknown,,low
TAS2R46,atomoxetine,unknown,,low
TAS2R47,atomoxetine,unknown,,low
TAS2R49,atomoxetine,unknown,,low
TAS2R5,atomoxetine,unknown,,low
TAS2R50,atomoxetine,unknown,,low
TAS2R7,atomoxetine,unknown,,low
TAS2R8,atomoxetine,unknown,,low
TAS2R9,atomoxetine,unknown,,low
TAS2R1,donepezil,unknown,,medium
TAS2R10,donepezil,unknown,,medium
TAS2R13,donepezil,unknown,,medium
TAS2R14,donepezil,unknown,,medium
TAS2R16,donepezil,unknown,,medium
TAS2R2,donepezil,unknown,,medium
TAS2R3,donepezil,unknown,,medium
TAS2R38,donepezil,unknown,,medium
TAS2R39,donepezil,unknown,,medium
TAS2R4,donepezil,unknown,,medium
TAS2R40,donepezil,unknown,,medium
TAS2R41,donepezil,unknown,,medium
TAS2R42,donepezil,unknown,,medium
TAS2R43,donepezil,unknown,,medium
TAS2R44,donepezil,unknown,,medium
TAS2R46,donepezil,unknown,,medium
TAS2R47,donepezil,unknown,,medium
TAS2R49,donepezil,unknown,,medium
TAS2R5,donepezil,unknown,,medium
TAS2R50,donepezil,unknown,,medium
TAS2R7,donepezil,unknown,,medium
TAS2R8,donepezil,unknown,,medium
TAS2R9,donepezil,unknown,,medium
TAS2R1,memantine,unknown,,medium
TAS2R10,memantine,unknown,,medium
TAS2R13,memantine,unknown,,medium
TAS2R14,memantine,unknown,,medium
TAS2R16,memantine,unknown,,medium
TAS2R2,memantine,unknown,,medium
TAS2R3,memantine,unknown,,medium
TAS2R38,memantine,unknown,,medium
TAS2R39,memantine,unknown,,medium
TAS2R4,memantine,unknown,,medium
TAS2R40,memantine,unknown,,medium
TAS2R41,memantine,unknown,,medium
TAS2R42,memantine,unknown,,medium
TAS2R43,memantine,unknown,,medium
TAS2R44,memantine,unknown,,medium
TAS2R46,memantine,unknown,,medium
TAS2R47,memantine,unknown,,medium
TAS2R49,memantine,unknown,,medium
TAS2R5,memantine,unknown,,medium
TAS2R50,memantine,unknown,,medium
TAS2R7,memantine,unknown,,medium
TAS2R8,memantine,unknown,,medium
TAS2R9,memantine,unknown,,medium
TAS2R1,alendronate,unknown,,medium
TAS2R10,alendronate,unknown,,medium
TAS2R13,alendronate,unknown,,medium
TAS2R14,alendronate,unknown,,medium
TAS2R16,alendronate,unknown,,medium
TAS2R2,alendronate,unknown,,medium
TAS2R3,alendronate,unknown,,medium
TAS2R38,alendronate,unknown,,medium
TAS2R39,alendronate,unknown,,medium
TAS2R4,alendronate,unknown,,medium
TAS2R40,alendronate,unknown,,medium
TAS2R41,alendronate,unknown,,medium
TAS2R42,alendronate,unknown,,medium
TAS2R43,alendronate,unknown,,medium
TAS2R44,alendronate,unknown,,medium
TAS2R46,alendronate,unknown,,medium
TAS2R47,alendronate,unknown,,medium
TAS2R49,alendronate,unknown,,medium
TAS2R5,alendronate,unknown,,medium
TAS2R50,alendronate,unknown,,medium
TAS2R7,alendronate,unknown,,medium
TAS2R8,alendronate,unknown,,medium
TAS2R9,alendronate,unknown,,medium
TAS2R1,risedronate,unknown,,medium
TAS2R10,risedronate,unknown,,medium
TAS2R13,risedronate,unknown,,medium
TAS2R14,risedronate,unknown,,medium
TAS2R16,risedronate,unknown,,medium
TAS2R2,risedronate,unknown,,medium
TAS2R3,risedronate,unknown,,medium
TAS2R38,risedronate,unknown,,medium
TAS2R39,risedronate,unknown,,medium
TAS2R4,risedronate,unknown,,medium
TAS2R40,risedronate,unknown,,medium
TAS2R41,risedronate,unknown,,medium
TAS2R42,risedronate,unknown,,medium
TAS2R43,risedronate,unknown,,medium
TAS2R44,risedronate,unknown,,medium
TAS2R46,risedronate,unknown,,medium
TAS2R47,risedronate,unknown,,medium
TAS2R49,risedronate,unknown,,medium
TAS2R5,risedronate,unknown,,medium
TAS2R50,risedronate,unknown,,medium
TAS2R7,risedronate,unknown,,medium
TAS2R8,risedronate,unknown,,medium
TAS2R9,risedronate,unknown,,medium
TAS2R1,allopurinol,unknown,,medium
TAS2R10,allopurinol,unknown,,medium
TAS2R13,allopurinol,unknown,,medium
TAS2R14,allopurinol,unknown,,medium
TAS2R16,allopurinol,unknown,,medium
TAS2R2,allopurinol,unknown,,medium
TAS2R3,allopurinol,unknown,,medium
TAS2R38,allopurinol,unknown,,medium
TAS2R39,allopurinol,unknown,,medium
TAS2R4,allopurinol,unknown,,medium
TAS2R40,allopurinol,unknown,,medium
TAS2R41,allopurinol,unknown,,medium
TAS2R42,allopurinol,unknown,,medium
TAS2R43,allopurinol,unknown,,medium
TAS2R44,allopurinol,unknown,,medium
TAS2R46,allopurinol,unknown,,medium
TAS2R47,allopurinol,unknown,,medium
TAS2R49,allopurinol,unknown,,medium
TAS2R5,allopurinol,unknown,,medium
TAS2R50,allopurinol,unknown,,medium
TAS2R7,allopurinol,unknown,,medium
TAS2R8,allopurinol,unknown,,medium
TAS2R9,allopurinol,unknown,,medium
TAS2R1,colchicine,unknown,,high
TAS2R10,colchicine,unknown,,high
TAS2R13,colchicine,unknown,,high
TAS2R14,colchicine,unknown,,high
TAS2R16,colchicine,unknown,,high
TAS2R2,colchicine,unknown,,high
TAS2R3,colchicine,unknown,,high
TAS2R38,colchicine,unknown,,high
TAS2R39,colchicine,known_agonism,BitterDB,high
TAS2R4,colchicine,known_agonism,BitterDB,high
TAS2R40,colchicine,unknown,,high
TAS2R41,colchicine,unknown,,high
TAS2R42,colchicine,unknown,,high
TAS2R43,colchicine,unknown,,high
TAS2R44,colchicine,unknown,,high
TAS2R46,colchicine,known_agonism,BitterDB,high
TAS2R47,colchicine,unknown,,high
TAS2R49,colchicine,unknown,,high
TAS2R5,colchicine,unknown,,high
TAS2R50,colchicine,unknown,,high
TAS2R7,colchicine,unknown,,high
TAS2R8,colchicine,unknown,,high
TAS2R9,colchicine,unknown,,high
TAS2R1,febuxostat,unknown,,low
TAS2R10,febuxostat,unknown,,low
TAS2R13,febuxostat,unknown,,low
TAS2R14,febuxostat,unknown,,low
TAS2R16,febuxostat,unknown,,low
TAS2R2,febuxostat,unknown,,low
TAS2R3,febuxostat,unknown,,low
TAS2R38,febuxostat,unknown,,low
TAS2R39,febuxostat,unknown,,low
TAS2R4,febuxostat,unknown,,low
TAS2R40,febuxostat,unknown,,low
TAS2R41,febuxostat,unknown,,low
TAS2R42,febuxostat,unknown,,low
TAS2R43,febuxostat,unknown,,low
TAS2R44,febuxostat,unknown,,low
TAS2R46,febuxostat,unknown,,low
TAS2R47,febuxostat,unknown,,low
TAS2R49,febuxostat,unknown,,low
TAS2R5,febuxostat,unknown,,low
TAS2R50,febuxostat,unknown,,low
TAS2R7,febuxostat,unknown,,low
TAS2R8,febuxostat,unknown,,low
TAS2R9,febuxostat,unknown,,low
TAS2R1,sildenafil,unknown,,low
TAS2R10,sildenafil,unknown,,low
TAS2R13,sildenafil,unknown,,low
TAS2R14,sildenafil,unknown,,low
TAS2R16,sildenafil,unknown,,low
TAS2R2,sildenafil,unknown,,low
TAS2R3,sildenafil,unknown,,low
TAS2R38,sildenafil,unknown,,low
TAS2R39,sildenafil,unknown,,low
TAS2R4,sildenafil,unknown,,low
TAS2R40,sildenafil,unknown,,low
TAS2R41,sildenafil,unknown,,low
TAS2R42,sildenafil,unknown,,low
TAS2R43,sildenafil,unknown,,low
TAS2R44,sildenafil,unknown,,low
TAS2R46,sildenafil,unknown,,low
TAS2R47,sildenafil,unknown,,low
TAS2R49,sildenafil,unknown,,low
TAS2R5,sildenafil,unknown,,low
TAS2R50,sildenafil,unknown,,low
TAS2R7,sildenafil,unknown,,low
TAS2R8,sildenafil,unknown,,low
TAS2R9,sildenafil,unknown,,low
TAS2R1,tamsulosin,unknown,,low
TAS2R10,tamsulosin,unknown,,low
TAS2R13,tamsulosin,unknown,,low
TAS2R14,tamsulosin,unknown,,low
TAS2R16,tamsulosin,unknown,,low
TAS2R2,tamsulosin,unknown,,low
TAS2R3,tamsulosin,unknown,,low
TAS2R38,tamsulosin,unknown,,low
TAS2R39,tamsulosin,unknown,,low
TAS2R4,tamsulosin,unknown,,low
TAS2R40,tamsulosin,unknown,,low
TAS2R41,tamsulosin,unknown,,low
TAS2R42,tamsulosin,unknown,,low
TAS2R43,tamsulosin,unknown,,low
TAS2R44,tamsulosin,unknown,,low
TAS2R46,tamsulosin,unknown,,low
TAS2R47,tamsulosin,unknown,,low
TAS2R49,tamsulosin,unknown,,low
TAS2R5,tamsulosin,unknown,,low
TAS2R50,tamsulosin,unknown,,low
TAS2R7,tamsulosin,unknown,,low
TAS2R8,tamsulosin,unknown,,low
TAS2R9,tamsulosin,unknown,,low
TAS2R1,dutasteride,unknown,,low
TAS2R10,dutasteride,unknown,,low
TAS2R13,dutasteride,unknown,,low
TAS2R14,dutasteride,known_agonism,BitterDB,low
TAS2R16,dutasteride,unknown,,low
TAS2R2,dutasteride,unknown,,low
TAS2R3,dutasteride,unknown,,low
TAS2R38,dutasteride,unknown,,low
TAS2R39,dutasteride,unknown,,low
TAS2R4,dutasteride,unknown,,low
TAS2R40,dutasteride,unknown,,low
TAS2R41,dutasteride,unknown,,low
TAS2R42,dutasteride,unknown,,low
TAS2R43,dutasteride,unknown,,low
TAS2R44,dutasteride,unknown,,low
TAS2R46,dutasteride,unknown,,low
TAS2R47,dutasteride,unknown,,low
TAS2R49,dutasteride,unknown,,low
TAS2R5,dutasteride,unknown,,low
TAS2R50,dutasteride,unknown,,low
TAS2R7,dutasteride,unknown,,low
TAS2R8,dutasteride,unknown,,low
TAS2R9,dutasteride,unknown,,low
TAS2R1,finasteride,unknown,,low
TAS2R10,finasteride,unknown,,low
TAS2R13,finasteride,unknown,,low
TAS2R14,finasteride,known_agonism,BitterDB,low
TAS2R16,finasteride,unknown,,low
TAS2R2,finasteride,unknown,,low
TAS2R3,finasteride,unknown,,low
TAS2R38,finasteride,unknown,,low
TAS2R39,finasteride,unknown,,low
TAS2R4,finasteride,unknown,,low
TAS2R40,finasteride,unknown,,low
TAS2R41,finasteride,unknown,,low
TAS2R42,finasteride,unknown,,low
TAS2R43,finasteride,unknown,,low
TAS2R44,finasteride,unknown,,low
TAS2R46,finasteride,unknown,,low
TAS2R47,finasteride,unknown,,low
TAS2R49,finasteride,unknown,,low
TAS2R5,finasteride,unknown,,low
TAS2R50,finasteride,unknown,,low
TAS2R7,finasteride,unknown,,low
TAS2R8,finasteride,unknown,,low
TAS2R9,finasteride,unknown,,low
TAS2R1,theophylline,unknown,,high
TAS2R10,theophylline,known_agonism,BitterDB,high
TAS2R13,theophylline,unknown,,high
TAS2R14,theophylline,known_agonism,BitterDB,high
TAS2R16,theophylline,unknown,,high
TAS2R2,theophylline,unknown,,high
TAS2R3,theophylline,unknown,,high
TAS2R38,theophylline,unknown,,high
TAS2R39,theophylline,unknown,,high
TAS2R4,theophylline,unknown,,high
TAS2R40,theophylline,unknown,,high
TAS2R41,theophylline,unknown,,high
TAS2R42,theophylline,unknown,,high
TAS2R43,theophylline,known_agonism,BitterDB,high
TAS2R44,theophylline,unknown,,high
TAS2R46,theophylline,known_agonism,BitterDB,high
TAS2R47,theophylline,unknown,,high
TAS2R49,theophylline,unknown,,high
TAS2R5,theophylline,unknown,,high
TAS2R50,theophylline,unknown,,high
TAS2R7,theophylline,known_agonism,BitterDB,high
TAS2R8,theophylline,unknown,,high
TAS2R9,theophylline,unknown,,high
TAS2R1,caffeine,unknown,,high
TAS2R10,caffeine,known_agonism,BitterDB,high
TAS2R13,caffeine,unknown,,high
TAS2R14,caffeine,known_agonism,BitterDB,high
TAS2R16,caffeine,unknown,,high
TAS2R2,caffeine,unknown,,high
TAS2R3,caffeine,unknown,,high
TAS2R38,caffeine,unknown,,high
TAS2R39,caffeine,unknown,,high
TAS2R4,caffeine,unknown,,high
TAS2R40,caffeine,unknown,,high
TAS2R41,caffeine,unknown,,high
TAS2R42,caffeine,unknown,,high
TAS2R43,caffeine,known_agonism,BitterDB,high
TAS2R44,caffeine,unknown,,high
TAS2R46,caffeine,known_agonism,BitterDB,high
TAS2R47,caffeine,unknown,,high
TAS2R49,caffeine,unknown,,high
TAS2R5,caffeine,unknown,,high
TAS2R50,caffeine,unknown,,high
TAS2R7,caffeine,known_agonism,BitterDB,high
TAS2R8,caffeine,unknown,,high
TAS2R9,caffeine,unknown,,high
TAS2R1,pseudoephedrine,unknown,,high
TAS2R10,pseudoephedrine,unknown,,high
TAS2R13,pseudoephedrine,unknown,,high
TAS2R14,pseudoephedrine,unknown,,high
TAS2R16,pseudoephedrine,unknown,,high
TAS2R2,pseudoephedrine,unknown,,high
TAS2R3,pseudoephedrine,unknown,,high
TAS2R38,pseudoephedrine,unknown,,high
TAS2R39,pseudoephedrine,unknown,,high
TAS2R4,pseudoephedrine,unknown,,high
TAS2R40,pseudoephedrine,unknown,,high
TAS2R41,pseudoephedrine,unknown,,high
TAS2R42,pseudoephedrine,unknown,,high
TAS2R43,pseudoephedrine,unknown,,high
TAS2R44,pseudoephedrine,unknown,,high
TAS2R46,pseudoephedrine,unknown,,high
TAS2R47,pseudoephedrine,unknown,,high
TAS2R49,pseudoephedrine,unknown,,high
TAS2R5,pseudoephedrine,unknown,,high
TAS2R50,pseudoephedrine,unknown,,high
TAS2R7,pseudoephedrine,unknown,,high
TAS2R8,pseudoephedrine,unknown,,high
TAS2R9,pseudoephedrine,unknown,,high
TAS2R1,guaifenesin,unknown,,high
TAS2R10,guaifenesin,unknown,,high
TAS2R13,guaifenesin,unknown,,high
TAS2R14,guaifenesin,unknown,,high
TAS2R16,guaifenesin,unknown,,high
TAS2R2,guaifenesin,unknown,,high
TAS2R3,guaifenesin,unknown,,high
TAS2R38,guaifenesin,unknown,,high
TAS2R39,guaifenesin,unknown,,high
TAS2R4,guaifenesin,unknown,,high
TAS2R40,guaifenesin,unknown,,high
TAS2R41,guaifenesin,unknown,,high
TAS2R42,guaifenesin,unknown,,high
TAS2R43,guaifenesin,unknown,,high
TAS2R44,guaifenesin,unknown,,high
TAS2R46,guaifenesin,unknown,,high
TAS2R47,guaifenesin,unknown,,high
TAS2R49,guaifenesin,unknown,,high
TAS2R5,guaifenesin,unknown,,high
TAS2R50,guaifenesin,unknown,,high
TAS2R7,guaifenesin,unknown,,high
TAS2R8,guaifenesin,unknown,,high
TAS2R9,guaifenesin,unknown,,high
TAS2R1,dextromethorphan,known_agonism,BitterDB,high
TAS2R10,dextromethorphan,known_agonism,BitterDB,high
TAS2R13,dextromethorphan,unknown,,high
TAS2R14,dextromethorphan,unknown,,high
TAS2R16,dextromethorphan,unknown,,high
TAS2R2,dextromethorphan,unknown,,high
TAS2R3,dextromethorphan,unknown,,high
TAS2R38,dextromethorphan,unknown,,high
TAS2R39,dextromethorphan,unknown,,high
TAS2R4,dextromethorphan,unknown,,high
TAS2R40,dextromethorphan,unknown,,high
TAS2R41,dextromethorphan,unknown,,high
TAS2R42,dextromethorphan,unknown,,high
TAS2R43,dextromethorphan,unknown,,high
TAS2R44,dextromethorphan,unknown,,high
TAS2R46,dextromethorphan,unknown,,high
TAS2R47,dextromethorphan,unknown,,high
TAS2R49,dextromethorphan,unknown,,high
TAS2R5,dextromethorphan,unknown,,high
TAS2R50,dextromethorphan,unknown,,high
TAS2R7,dextromethorphan,known_agonism,BitterDB,high
TAS2R8,dextromethorphan,unknown,,high
TAS2R9,dextromethorphan,unknown,,high
TAS2R1,levodopa,unknown,,medium
TAS2R10,levodopa,unknown,,medium
TAS2R13,levodopa,unknown,,medium
TAS2R14,levodopa,unknown,,medium
TAS2R16,levodopa,unknown,,medium
TAS2R2,levodopa,unknown,,medium
TAS2R3,levodopa,unknown,,medium
TAS2R38,levodopa,unknown,,medium
TAS2R39,levodopa,unknown,,medium
TAS2R4,levodopa,unknown,,medium
TAS2R40,levodopa,unknown,,medium
TAS2R41,levodopa,unknown,,medium
TAS2R42,levodopa,unknown,,medium
TAS2R43,levodopa,unknown,,medium
TAS2R44,levodopa,unknown,,medium
TAS2R46,levodopa,unknown,,medium
TAS2R47,levodopa,unknown,,medium
TAS2R49,levodopa,unknown,,medium
TAS2R5,levodopa,unknown,,medium
TAS2R50,levodopa,unknown,,medium
TAS2R7,levodopa,unknown,,medium
TAS2R8,levodopa,unknown,,medium
TAS2R9,levodopa,unknown,,medium
TAS2R1,ropinirole,unknown,,low
TAS2R10,ropinirole,unknown,,low
TAS2R13,ropinirole,unknown,,low
TAS2R14,ropinirole,unknown,,low
TAS2R16,ropinirole,unknown,,low
TAS2R2,ropinirole,unknown,,low
TAS2R3,ropinirole,unknown,,low
TAS2R38,ropinirole,unknown,,low
TAS2R39,ropinirole,unknown,,low
TAS2R4,ropinirole,unknown,,low
TAS2R40,ropinirole,unknown,,low
TAS2R41,ropinirole,unknown,,low
TAS2R42,ropinirole,unknown,,low
TAS2R43,ropinirole,unknown,,low
TAS2R44,ropinirole,unknown,,low
TAS2R46,ropinirole,unknown,,low
TAS2R47,ropinirole,unknown,,low
TAS2R49,ropinirole,unknown,,low
TAS2R5,ropinirole,unknown,,low
TAS2R50,ropinirole,unknown,,low
TAS2R7,ropinirole,unknown,,low
TAS2R8,ropinirole,unknown,,low
TAS2R9,ropinirole,unknown,,low
TAS2R1,levocetirizine,unknown,,high
TAS2R10,levocetirizine,unknown,,high
TAS2R13,levocetirizine,unknown,,high
TAS2R14,levocetirizine,unknown,,high
TAS2R16,levocetirizine,unknown,,high
TAS2R2,levocetirizine,unknown,,high
TAS2R3,levocetirizine,unknown,,high
TAS2R38,levocetirizine,unknown,,high
TAS2R39,levocetirizine,unknown,,high
TAS2R4,levocetirizine,unknown,,high
TAS2R40,levocetirizine,unknown,,high
TAS2R41,levocetirizine,unknown,,high
TAS2R42,levocetirizine,unknown,,high
TAS2R43,levocetirizine,unknown,,high
TAS2R44,levocetirizine,unknown,,high
TAS2R46,levocetirizine,unknown,,high
TAS2R47,levocetirizine,unknown,,high
TAS2R49,levocetirizine,unknown,,high
TAS2R5,levocetirizine,unknown,,high
TAS2R50,levocetirizine,unknown,,high
TAS2R7,levocetirizine,unknown,,high
TAS2R8,levocetirizine,unknown,,high
TAS2R9,levocetirizine,unknown,,high
TAS2R1,azelastine,unknown,,medium
TAS2R10,azelastine,unknown,,medium
TAS2R13,azelastine,unknown,,medium
TAS2R14,azelastine,unknown,,medium
TAS2R16,azelastine,unknown,,medium
TAS2R2,azelastine,unknown,,medium
TAS2R3,azelastine,unknown,,medium
TAS2R38,azelastine,unknown,,medium
TAS2R39,azelastine,unknown,,medium
TAS2R4,azelastine,unknown,,medium
TAS2R40,azelastine,unknown,,medium
TAS2R41,azelastine,unknown,,medium
TAS2R42,azelastine,unknown,,medium
TAS2R43,azelastine,unknown,,medium
TAS2R44,azelastine,unknown,,medium
TAS2R46,azelastine,unknown,,medium
TAS2R47,azelastine,unknown,,medium
TAS2R49,azelastine,unknown,,medium
TAS2R5,azelastine,unknown,,medium
TAS2R50,azelastine,unknown,,medium
TAS2R7,azelastine,unknown,,medium
TAS2R8,azelastine,unknown,,medium
TAS2R9,azelastine,unknown,,medium
TAS2R1,cyclobenzaprine,unknown,,medium
TAS2R10,cyclobenzaprine,unknown,,medium
TAS2R13,cyclobenzaprine,unknown,,medium
TAS2R14,cyclobenzaprine,unknown,,medium
TAS2R16,cyclobenzaprine,unknown,,medium
TAS2R2,cyclobenzaprine,unknown,,medium
TAS2R3,cyclobenzaprine,unknown,,medium
TAS2R38,cyclobenzaprine,unknown,,medium
TAS2R39,cyclobenzaprine,unknown,,medium
TAS2R4,cyclobenzaprine,unknown,,medium
TAS2R40,cyclobenzaprine,unknown,,medium
TAS2R41,cyclobenzaprine,unknown,,medium
TAS2R42,cyclobenzaprine,unknown,,medium
TAS2R43,cyclobenzaprine,unknown,,medium
TAS2R44,cyclobenzaprine,unknown,,medium
TAS2R46,cyclobenzaprine,unknown,,medium
TAS2R47,cyclobenzaprine,unknown,,medium
TAS2R49,cyclobenzaprine,unknown,,medium
TAS2R5,cyclobenzaprine,unknown,,medium
TAS2R50,cyclobenzaprine,unknown,,medium
TAS2R7,cyclobenzaprine,unknown,,medium
TAS2R8,cyclobenzaprine,unknown,,medium
TAS2R9,cyclobenzaprine,unknown,,medium
TAS2R1,carisoprodol,unknown,,medium
TAS2R10,carisoprodol,unknown,,medium
TAS2R13,carisoprodol,unknown,,medium
TAS2R14,carisoprodol,known_agonism,BitterDB,medium
TAS2R16,carisoprodol,unknown,,medium
TAS2R2,carisoprodol,unknown,,medium
TAS2R3,carisoprodol,unknown,,medium
TAS2R38,carisoprodol,unknown,,medium
TAS2R39,carisoprodol,unknown,,medium
TAS2R4,carisoprodol,unknown,,medium
TAS2R40,carisoprodol,unknown,,medium
TAS2R41,carisoprodol,unknown,,medium
TAS2R42,carisoprodol,unknown,,medium
TAS2R43,carisoprodol,unknown,,medium
TAS2R44,carisoprodol,unknown,,medium
TAS2R46,carisoprodol,known_agonism,BitterDB,medium
TAS2R47,carisoprodol,unknown,,medium
TAS2R49,carisoprodol,unknown,,medium
TAS2R5,carisoprodol,unknown,,medium
TAS2R50,carisoprodol,unknown,,medium
TAS2R7,carisoprodol,unknown,,medium
TAS2R8,carisoprodol,unknown,,medium
TAS2R9,carisoprodol,unknown,,medium
TAS2R1,baclofen,unknown,,medium
TAS2R10,baclofen,unknown,,medium
TAS2R13,baclofen,unknown,,medium
TAS2R14,baclofen,unknown,,medium
TAS2R16,baclofen,unknown,,medium
TAS2R2,baclofen,unknown,,medium
TAS2R3,baclofen,unknown,,medium
TAS2R38,baclofen,unknown,,medium
TAS2R39,baclofen,unknown,,medium
TAS2R4,baclofen,unknown,,medium
TAS2R40,baclofen,unknown,,medium
TAS2R41,baclofen,unknown,,medium
TAS2R42,baclofen,unknown,,medium
TAS2R43,baclofen,unknown,,medium
TAS2R44,baclofen,unknown,,medium
TAS2R46,baclofen,unknown,,medium
TAS2R47,baclofen,unknown,,medium
TAS2R49,baclofen,unknown,,medium
TAS2R5,baclofen,unknown,,medium
TAS2R50,baclofen,unknown,,medium
TAS2R7,baclofen,unknown,,medium
TAS2R8,baclofen,unknown,,medium
TAS2R9,baclofen,unknown,,medium
TAS2R1,tizanidine,unknown,,medium
TAS2R10,tizanidine,unknown,,medium
TAS2R13,tizanidine,unknown,,medium
TAS2R14,tizanidine,unknown,,medium
TAS2R16,tizanidine,unknown,,medium
TAS2R2,tizanidine,unknown,,medium
TAS2R3,tizanidine,unknown,,medium
TAS2R38,tizanidine,unknown,,medium
TAS2R39,tizanidine,unknown,,medium
TAS2R4,tizanidine,unknown,,medium
TAS2R40,tizanidine,unknown,,medium
TAS2R41,tizanidine,unknown,,medium
TAS2R42,tizanidine,unknown,,medium
TAS2R43,tizanidine,unknown,,medium
TAS2R44,tizanidine,unknown,,medium
TAS2R46,tizanidine,unknown,,medium
TAS2R47,tizanidine,unknown,,medium
TAS2R49,tizanidine,unknown,,medium
TAS2R5,tizanidine,unknown,,medium
TAS2R50,tizanidine,unknown,,medium
TAS2R7,tizanidine,unknown,,medium
TAS2R8,tizanidine,unknown,,medium
TAS2R9,tizanidine,unknown,,medium
TAS2R1,naltrexone,unknown,,medium
TAS2R10,naltrexone,unknown,,medium
TAS2R13,naltrexone,unknown,,medium
TAS2R14,naltrexone,unknown,,medium
TAS2R16,naltrexone,unknown,,medium
TAS2R2,naltrexone,unknown,,medium
TAS2R3,naltrexone,unknown,,medium
TAS2R38,naltrexone,unknown,,medium
TAS2R39,naltrexone,unknown,,medium
TAS2R4,naltrexone,unknown,,medium
TAS2R40,naltrexone,unknown,,medium
TAS2R41,naltrexone,unknown,,medium
TAS2R42,naltrexone,unknown,,medium
TAS2R43,naltrexone,unknown,,medium
TAS2R44,naltrexone,unknown,,medium
TAS2R46,naltrexone,unknown,,medium
TAS2R47,naltrexone,unknown,,medium
TAS2R49,naltrexone,unknown,,medium
TAS2R5,naltrexone,unknown,,medium
TAS2R50,naltrexone,unknown,,medium
TAS2R7,naltrexone,unknown,,medium
TAS2R8,naltrexone,unknown,,medium
TAS2R9,naltrexone,unknown,,medium
TAS2R1,vardenafil,unknown,,low
TAS2R10,vardenafil,unknown,,low
TAS2R13,vardenafil,unknown,,low
TAS2R14,vardenafil,unknown,,low
TAS2R16,vardenafil,unknown,,low
TAS2R2,vardenafil,unknown,,low
TAS2R3,vardenafil,unknown,,low
TAS2R38,vardenafil,unknown,,low
TAS2R39,vardenafil,unknown,,low
TAS2R4,vardenafil,unknown,,low
TAS2R40,vardenafil,unknown,,low
TAS2R41,vardenafil,unknown,,low
TAS2R42,vardenafil,unknown,,low
TAS2R43,vardenafil,unknown,,low
TAS2R44,vardenafil,unknown,,low
TAS2R46,vardenafil,unknown,,low
TAS2R47,vardenafil,unknown,,low
TAS2R49,vardenafil,unknown,,low
TAS2R5,vardenafil,unknown,,low
TAS2R50,vardenafil,unknown,,low
TAS2R7,vardenafil,unknown,,low
TAS2R8,vardenafil,unknown,,low
TAS2R9,vardenafil,unknown,,low
TAS2R1,sumatriptan,unknown,,medium
TAS2R10,sumatriptan,unknown,,medium
TAS2R13,sumatriptan,unknown,,medium
TAS2R14,sumatriptan,unknown,,medium
TAS2R16,sumatriptan,unknown,,medium
TAS2R2,sumatriptan,unknown,,medium
TAS2R3,sumatriptan,unknown,,medium
TAS2R38,sumatriptan,unknown,,medium
TAS2R39,sumatriptan,unknown,,medium
TAS2R4,sumatriptan,unknown,,medium
TAS2R40,sumatriptan,unknown,,medium
TAS2R41,sumatriptan,unknown,,medium
TAS2R42,sumatriptan,unknown,,medium
TAS2R43,sumatriptan,unknown,,medium
TAS2R44,sumatriptan,unknown,,medium
TAS2R46,sumatriptan,unknown,,medium
TAS2R47,sumatriptan,unknown,,medium
TAS2R49,sumatriptan,unknown,,medium
TAS2R5,sumatriptan,unknown,,medium
TAS2R50,sumatriptan,unknown,,medium
TAS2R7,sumatriptan,unknown,,medium
TAS2R8,sumatriptan,unknown,,medium
TAS2R9,sumatriptan,unknown,,medium
TAS2R1,zolmitriptan,unknown,,medium
TAS2R10,zolmitriptan,unknown,,medium
TAS2R13,zolmitriptan,unknown,,medium
TAS2R14,zolmitriptan,unknown,,medium
TAS2R16,zolmitriptan,unknown,,medium
TAS2R2,zolmitriptan,unknown,,medium
TAS2R3,zolmitriptan,unknown,,medium
TAS2R38,zolmitriptan,unknown,,medium
TAS2R39,zolmitriptan,unknown,,medium
TAS2R4,zolmitriptan,unknown,,medium
TAS2R40,zolmitriptan,unknown,,medium
TAS2R41,zolmitriptan,unknown,,medium
TAS2R42,zolmitriptan,unknown,,medium
TAS2R43,zolmitriptan,unknown,,medium
TAS2R44,zolmitriptan,unknown,,medium
TAS2R46,zolmitriptan,unknown,,medium
TAS2R47,zolmitriptan,unknown,,medium
TAS2R49,zolmitriptan,unknown,,medium
TAS2R5,zolmitriptan,unknown,,medium
TAS2R50,zolmitriptan,unknown,,medium
TAS2R7,zolmitriptan,unknown,,medium
TAS2R8,zolmitriptan,unknown,,medium
TAS2R9,zolmitriptan,unknown,,medium
TAS2R1,acetazolamide,unknown,,medium
TAS2R10,acetazolamide,unknown,,medium
TAS2R13,acetazolamide,unknown,,medium
TAS2R14,acetazolamide,unknown,,medium
TAS2R16,acetazolamide,unknown,,medium
TAS2R2,acetazolamide,unknown,,medium
TAS2R3,acetazolamide,unknown,,medium
TAS2R38,acetazolamide,unknown,,medium
TAS2R39,acetazolamide,unknown,,medium
TAS2R4,acetazolamide,unknown,,medium
TAS2R40,acetazolamide,unknown,,medium
TAS2R41,acetazolamide,unknown,,medium
TAS2R42,acetazolamide,unknown,,medium
TAS2R43,acetazolamide,unknown,,medium
TAS2R44,acetazolamide,unknown,,medium
TAS2R46,acetazolamide,unknown,,medium
TAS2R47,acetazolamide,unknown,,medium
TAS2R49,acetazolamide,unknown,,medium
TAS2R5,acetazolamide,unknown,,medium
TAS2R50,acetazolamide,unknown,,medium
TAS2R7,acetazolamide,unknown,,medium
TAS2R8,acetazolamide,unknown,,medium
TAS2R9,acetazolamide,unknown,,medium
TAS2R1,allopregnanolone,unknown,,none
TAS2R10,allopregnanolone,unknown,,none
TAS2R13,allopregnanolone,unknown,,none
TAS2R14,allopregnanolone,unknown,,none
TAS2R16,allopregnanolone,unknown,,none
TAS2R2,allopregnanolone,unknown,,none
TAS2R3,allopregnanolone,unknown,,none
TAS2R38,allopregnanolone,unknown,,none
TAS2R39,allopregnanolone,unknown,,none
TAS2R4,allopregnanolone,unknown,,none
TAS2R40,allopregnanolone,unknown,,none
TAS2R41,allopregnanolone,unknown,,none
TAS2R42,allopregnanolone,unknown,,none
TAS2R43,allopregnanolone,unknown,,none
TAS2R44,allopregnanolone,unknown,,none
TAS2R46,allopregnanolone,unknown,,none
TAS2R47,allopregnanolone,unknown,,none
TAS2R49,allopregnanolone,unknown,,none
TAS2R5,allopregnanolone,unknown,,none
TAS2R50,allopregnanolone,unknown,,none
TAS2R7,allopregnanolone,unknown,,none
TAS2R8,allopregnanolone,unknown,,none
TAS2R9,allopregnanolone,unknown,,none
TAS2R1,gentamicin,unknown,,none
TAS2R10,gentamicin,unknown,,none
TAS2R13,gentamicin,unknown,,none
TAS2R14,gentamicin,unknown,,none
TAS2R16,gentamicin,unknown,,none
TAS2R2,gentamicin,unknown,,none
TAS2R3,gentamicin,unknown,,none
TAS2R38,gentamicin,unknown,,none
TAS2R39,gentamicin,unknown,,none
TAS2R4,gentamicin,unknown,,none
TAS2R40,gentamicin,unknown,,none
TAS2R41,gentamicin,unknown,,none
TAS2R42,gentamicin,unknown,,none
TAS2R43,gentamicin,unknown,,none
TAS2R44,gentamicin,unknown,,none
TAS2R46,gentamicin,unknown,,none
TAS2R47,gentamicin,unknown,,none
TAS2R49,gentamicin,unknown,,none
TAS2R5,gentamicin,unknown,,none
TAS2R50,gentamicin,unknown,,none
TAS2R7,gentamicin,unknown,,none
TAS2R8,gentamicin,unknown,,none
TAS2R9,gentamicin,unknown,,none
TAS2R1,remdesivir,unknown,,none
TAS2R10,remdesivir,unknown,,none
TAS2R13,remdesivir,unknown,,none
TAS2R14,remdesivir,unknown,,none
TAS2R16,remdesivir,unknown,,none
TAS2R2,remdesivir,unknown,,none
TAS2R3,remdesivir,unknown,,none
TAS2R38,remdesivir,unknown,,none
TAS2R39,remdesivir,unknown,,none
TAS2R4,remdesivir,unknown,,none
TAS2R40,remdesivir,unknown,,none
TAS2R41,remdesivir,unknown,,none
TAS2R42,remdesivir,unknown,,none
TAS2R43,remdesivir,unknown,,none
TAS2R44,remdesivir,unknown,,none
TAS2R46,remdesivir,unknown,,none
TAS2R47,remdesivir,unknown,,none
TAS2R49,remdesivir,unknown,,none
TAS2R5,remdesivir,unknown,,none
TAS2R50,remdesivir,unknown,,none
TAS2R7,remdesivir,unknown,,none
TAS2R8,remdesivir,unknown,,none
TAS2R9,remdesivir,unknown,,none
TAS2R1,adrenaline,unknown,,none
TAS2R10,adrenaline,unknown,,none
TAS2R13,adrenaline,unknown,,none
TAS2R14,adrenaline,unknown,,none
TAS2R16,adrenaline,unknown,,none
TAS2R2,adrenaline,unknown,,none
TAS2R3,adrenaline,unknown,,none
TAS2R38,adrenaline,unknown,,none
TAS2R39,adrenaline,unknown,,none
TAS2R4,adrenaline,unknown,,none
TAS2R40,adrenaline,unknown,,none
TAS2R41,adrenaline,unknown,,none
TAS2R42,adrenaline,unknown,,none
TAS2R43,adrenaline,unknown,,none
TAS2R44,adrenaline,unknown,,none
TAS2R46,adrenaline,unknown,,none
TAS2R47,adrenaline,unknown,,none
TAS2R49,adrenaline,unknown,,none
TAS2R5,adrenaline,unknown,,none
TAS2R50,adrenaline,unknown,,none
TAS2R7,adrenaline,unknown,,none
TAS2R8,adrenaline,unknown,,none
TAS2R9,adrenaline,unknown,,none
TAS2R1,insulin glargine,unknown,,none
TAS2R10,insulin glargine,unknown,,none
TAS2R13,insulin glargine,unknown,,none
TAS2R14,insulin glargine,unknown,,none
TAS2R16,insulin glargine,unknown,,none
TAS2R2,insulin glargine,unknown,,none
TAS2R3,insulin glargine,unknown,,none
TAS2R38,insulin glargine,unknown,,none
TAS2R39,insulin glargine,unknown,,none
TAS2R4,insulin glargine,unknown,,none
TAS2R40,insulin glargine,unknown,,none
TAS2R41,insulin glargine,unknown,,none
TAS2R42,insulin glargine,unknown,,none
TAS2R43,insulin glargine,unknown,,none
TAS2R44,insulin glargine,unknown,,none
TAS2R46,insulin glargine,unknown,,none
TAS2R47,insulin glargine,unknown,,none
TAS2R49,insulin glargine,unknown,,none
TAS2R5,insulin glargine,unknown,,none
TAS2R50,insulin glargine,unknown,,none
TAS2R7,insulin glargine,unknown,,none
TAS2R8,insulin glargine,unknown,,none
TAS2R9,insulin glargine,unknown,,none
TAS2R1,sodium chloride,unknown,,high
TAS2R10,sodium chloride,unknown,,high
TAS2R13,sodium chloride,unknown,,high
TAS2R14,sodium chloride,unknown,,high
TAS2R16,sodium chloride,unknown,,high
TAS2R2,sodium chloride,unknown,,high
TAS2R3,sodium chloride,unknown,,high
TAS2R38,sodium chloride,unknown,,high
TAS2R39,sodium chloride,unknown,,high
TAS2R4,sodium chloride,unknown,,high
TAS2R40,sodium chloride,unknown,,high
TAS2R41,sodium chloride,unknown,,high
TAS2R42,sodium chloride,unknown,,high
TAS2R43,sodium chloride,unknown,,high
TAS2R44,sodium chloride,unknown,,high
TAS2R46,sodium chloride,unknown,,high
TAS2R47,sodium chloride,unknown,,high
TAS2R49,sodium chloride,unknown,,high
TAS2R5,sodium chloride,unknown,,high
TAS2R50,sodium chloride,unknown,,high
TAS2R7,sodium chloride,unknown,,high
TAS2R8,sodium chloride,unknown,,high
TAS2R9,sodium chloride,unknown,,high
TAS2R1,sucrose,unknown,,high
TAS2R10,sucrose,unknown,,high
TAS2R13,sucrose,unknown,,high
TAS2R14,sucrose,unknown,,high
TAS2R16,sucrose,unknown,,high
TAS2R2,sucrose,unknown,,high
TAS2R3,sucrose,unknown,,high
TAS2R38,sucrose,unknown,,high
TAS2R39,sucrose,unknown,,high
TAS2R4,sucrose,unknown,,high
TAS2R40,sucrose,unknown,,high
TAS2R41,sucrose,unknown,,high
TAS2R42,sucrose,unknown,,high
TAS2R43,sucrose,unknown,,high
TAS2R44,sucrose,unknown,,high
TAS2R46,sucrose,unknown,,high
TAS2R47,sucrose,unknown,,high
TAS2R49,sucrose,unknown,,high
TAS2R5,sucrose,unknown,,high
TAS2R50,sucrose,unknown,,high
TAS2R7,sucrose,unknown,,high
TAS2R8,sucrose,unknown,,high
TAS2R9,sucrose,unknown,,high
TAS2R1,saccharin,unknown,,high
TAS2R10,saccharin,unknown,,high
TAS2R13,saccharin,unknown,,high
TAS2R14,saccharin,unknown,,high
TAS2R16,saccharin,unknown,,high
TAS2R2,saccharin,unknown,,high
TAS2R3,saccharin,unknown,,high
TAS2R38,saccharin,unknown,,high
TAS2R39,saccharin,unknown,,high
TAS2R4,saccharin,unknown,,high
TAS2R40,saccharin,unknown,,high
TAS2R41,saccharin,unknown,,high
TAS2R42,saccharin,unknown,,high
TAS2R43,saccharin,known_agonism,BitterDB,high
TAS2R44,saccharin,known_agonism,BitterDB,high
TAS2R46,saccharin,unknown,,high
TAS2R47,saccharin,unknown,,high
TAS2R49,saccharin,unknown,,high
TAS2R5,saccharin,unknown,,high
TAS2R50,saccharin,unknown,,high
TAS2R7,saccharin,unknown,,high
TAS2R8,saccharin,unknown,,high
TAS2R9,saccharin,unknown,,high
TAS2R1,denatonium benzoate,unknown,,high
TAS2R10,denatonium benzoate,known_agonism,BitterDB,high
TAS2R13,denatonium benzoate,known_agonism,BitterDB,high
TAS2R14,denatonium benzoate,unknown,,high
TAS2R16,denatonium benzoate,unknown,,high
TAS2R2,denatonium benzoate,unknown,,high
TAS2R3,denatonium benzoate,unknown,,high
TAS2R38,denatonium benzoate,unknown,,high
TAS2R39,denatonium benzoate,known_agonism,BitterDB,high
TAS2R4,denatonium benzoate,known_agonism,BitterDB,high
TAS2R40,denatonium benzoate,unknown,,high
TAS2R41,denatonium benzoate,unknown,,high
TAS2R42,denatonium benzoate,unknown,,high
TAS2R43,denatonium benzoate,known_agonism,BitterDB,high
TAS2R44,denatonium benzoate,unknown,,high
TAS2R46,denatonium benzoate,known_agonism,BitterDB,high
TAS2R47,denatonium benzoate,known_agonism,BitterDB,high
TAS2R49,denatonium benzoate,unknown,,high
TAS2R5,denatonium benzoate,unknown,,high
TAS2R50,denatonium benzoate,unknown,,high
TAS2R7,denatonium benzoate,unknown,,high
TAS2R8,denatonium benzoate,known_agonism,BitterDB,high
TAS2R9,denatonium benzoate,unknown,,high
TAS2R1,propylthiouracil,unknown,,high
TAS2R10,propylthiouracil,unknown,,high
TAS2R13,propylthiouracil,unknown,,high
TAS2R14,propylthiouracil,unknown,,high
TAS2R16,propylthiouracil,unknown,,high
TAS2R2,propylthiouracil,known_agonism,BitterDB,high
TAS2R3,propylthiouracil,unknown,,high
TAS2R38,propylthiouracil,known_agonism,BitterDB,high
TAS2R39,propylthiouracil,unknown,,high
TAS2R4,propylthiouracil,unknown,,high
TAS2R40,propylthiouracil,unknown,,high
TAS2R41,propylthiouracil,unknown,,high
TAS2R42,propylthiouracil,unknown,,high
TAS2R43,propylthiouracil,unknown,,high
TAS2R44,propylthiouracil,unknown,,high
TAS2R46,propylthiouracil,unknown,,high
TAS2R47,propylthiouracil,unknown,,high
TAS2R49,propylthiouracil,unknown,,high
TAS2R5,propylthiouracil,unknown,,high
TAS2R50,propylthiouracil,unknown,,high
TAS2R7,propylthiouracil,unknown,,high
TAS2R8,propylthiouracil,unknown,,high
TAS2R9,propylthiouracil,unknown,,high
TAS2R1,captopril,unknown,,medium
TAS2R10,captopril,unknown,,medium
TAS2R13,captopril,unknown,,medium
TAS2R14,captopril,unknown,,medium
TAS2R16,captopril,unknown,,medium
TAS2R2,captopril,unknown,,medium
TAS2R3,captopril,unknown,,medium
TAS2R38,captopril,unknown,,medium
TAS2R39,captopril,unknown,,medium
TAS2R4,captopril,unknown,,medium
TAS2R40,captopril,unknown,,medium
TAS2R41,captopril,unknown,,medium
TAS2R42,captopril,unknown,,medium
TAS2R43,captopril,unknown,,medium
TAS2R44,captopril,unknown,,medium
TAS2R46,captopril,unknown,,medium
TAS2R47,captopril,unknown,,medium
TAS2R49,captopril,unknown,,medium
TAS2R5,captopril,unknown,,medium
TAS2R50,captopril,unknown,,medium
TAS2R7,captopril,unknown,,medium
TAS2R8,captopril,unknown,,medium
TAS2R9,captopril,unknown,,medium
TAS2R1,digoxin,unknown,,low
TAS2R10,digoxin,unknown,,low
TAS2R13,digoxin,unknown,,low
TAS2R14,digoxin,unknown,,low
TAS2R16,digoxin,unknown,,low
TAS2R2,digoxin,unknown,,low
TAS2R3,digoxin,unknown,,low
TAS2R38,digoxin,unknown,,low
TAS2R39,digoxin,unknown,,low
TAS2R4,digoxin,unknown,,low
TAS2R40,digoxin,unknown,,low
TAS2R41,digoxin,unknown,,low
TAS2R42,digoxin,unknown,,low
TAS2R43,digoxin,unknown,,low
TAS2R44,digoxin,unknown,,low
TAS2R46,digoxin,unknown,,low
TAS2R47,digoxin,unknown,,low
TAS2R49,digoxin,unknown,,low
TAS2R5,digoxin,unknown,,low
TAS2R50,digoxin,unknown,,low
TAS2R7,digoxin,unknown,,low
TAS2R8,digoxin,unknown,,low
TAS2R9,digoxin,unknown,,low
TAS2R1,diltiazem,unknown,,medium
TAS2R10,diltiazem,unknown,,medium
TAS2R13,diltiazem,unknown,,medium
TAS2R14,diltiazem,unknown,,medium
TAS2R16,diltiazem,unknown,,medium
TAS2R2,diltiazem,unknown,,medium
TAS2R3,diltiazem,unknown,,medium
TAS2R38,diltiazem,unknown,,medium
TAS2R39,diltiazem,unknown,,medium
TAS2R4,diltiazem,unknown,,medium
TAS2R40,diltiazem,unknown,,medium
TAS2R41,diltiazem,unknown,,medium
TAS2R42,diltiazem,unknown,,medium
TAS2R43,diltiazem,unknown,,medium
TAS2R44,diltiazem,unknown,,medium
TAS2R46,diltiazem,unknown,,medium
TAS2R47,diltiazem,unknown,,medium
TAS2R49,diltiazem,unknown,,medium
TAS2R5,diltiazem,unknown,,medium
TAS2R50,diltiazem,unknown,,medium
TAS2R7,diltiazem,unknown,,medium
TAS2R8,diltiazem,unknown,,medium
TAS2R9,diltiazem,unknown,,medium
TAS2R1,verapamil,unknown,,medium
TAS2R10,verapamil,unknown,,medium
TAS2R13,verapamil,unknown,,medium
TAS2R14,verapamil,unknown,,medium
TAS2R16,verapamil,unknown,,medium
TAS2R2,verapamil,unknown,,medium
TAS2R3,verapamil,unknown,,medium
TAS2R38,verapamil,unknown,,medium
TAS2R39,verapamil,unknown,,medium
TAS2R4,verapamil,unknown,,medium
TAS2R40,verapamil,unknown,,medium
TAS2R41,verapamil,unknown,,medium
TAS2R42,verapamil,unknown,,medium
TAS2R43,verapamil,unknown,,medium
TAS2R44,verapamil,unknown,,medium
TAS2R46,verapamil,unknown,,medium
TAS2R47,verapamil,unknown,,medium
TAS2R49,verapamil,unknown,,medium
TAS2R5,verapamil,unknown,,medium
TAS2R50,verapamil,unknown,,medium
TAS2R7,verapamil,unknown,,medium
TAS2R8,verapamil,unknown,,medium
TAS2R9,verapamil,unknown,,medium
TAS2R1,lacosamide,unknown,,medium
TAS2R10,lacosamide,unknown,,medium
TAS2R13,lacosamide,unknown,,medium
TAS2R14,lacosamide,unknown,,medium
TAS2R16,lacosamide,unknown,,medium
TAS2R2,lacosamide,unknown,,medium
TAS2R3,lacosamide,unknown,,medium
TAS2R38,lacosamide,unknown,,medium
TAS2R39,lacosamide,unknown,,medium
TAS2R4,lacosamide,unknown,,medium
TAS2R40,lacosamide,unknown,,medium
TAS2R41,lacosamide,unknown,,medium
TAS2R42,lacosamide,unknown,,medium
TAS2R43,lacosamide,unknown,,medium
TAS2R44,lacosamide,unknown,,medium
TAS2R46,lacosamide,unknown,,medium
TAS2R47,lacosamide,unknown,,medium
TAS2R49,lacosamide,unknown,,medium
TAS2R5,lacosamide,unknown,,medium
TAS2R50,lacosamide,unknown,,medium
TAS2R7,lacosamide,unknown,,medium
TAS2R8,lacosamide,unknown,,medium
TAS2R9,lacosamide,unknown,,medium
TAS2R1,oxcarbazepine,unknown,,high
TAS2R10,oxcarbazepine,unknown,,high
TAS2R13,oxcarbazepine,unknown,,high
TAS2R14,oxcarbazepine,unknown,,high
TAS2R16,oxcarbazepine,unknown,,high
TAS2R2,oxcarbazepine,unknown,,high
TAS2R3,oxcarbazepine,unknown,,high
TAS2R38,oxcarbazepine,unknown,,high
TAS2R39,oxcarbazepine,unknown,,high
TAS2R4,oxcarbazepine,unknown,,high
TAS2R40,oxcarbazepine,unknown,,high
TAS2R41,oxcarbazepine,unknown,,high
TAS2R42,oxcarbazepine,unknown,,high
TAS2R43,oxcarbazepine,unknown,,high
TAS2R44,oxcarbazepine,unknown,,high
TAS2R46,oxcarbazepine,unknown,,high
TAS2R47,oxcarbazepine,unknown,,high
TAS2R49,oxcarbazepine,unknown,,high
TAS2R5,oxcarbazepine,unknown,,high
TAS2R50,oxcarbazepine,unknown,,high
TAS2R7,oxcarbazepine,unknown,,high
TAS2R8,oxcarbazepine,unknown,,high
TAS2R9,oxcarbazepine,unknown,,high
TAS2R1,zonisamide,unknown,,medium
TAS2R10,zonisamide,unknown,,medium
TAS2R13,zonisamide,unknown,,medium
TAS2R14,zonisamide,unknown,,medium
TAS2R16,zonisamide,unknown,,medium
TAS2R2,zonisamide,unknown,,medium
TAS2R3,zonisamide,unknown,,medium
TAS2R38,zonisamide,unknown,,medium
TAS2R39,zonisamide,unknown,,medium
TAS2R4,zonisamide,unknown,,medium
TAS2R40,zonisamide,unknown,,medium
TAS2R41,zonisamide,unknown,,medium
TAS2R42,zonisamide,unknown,,medium
TAS2R43,zonisamide,unknown,,medium
TAS2R44,zonisamide,unknown,,medium
TAS2R46,zonisamide,unknown,,medium
TAS2R47,zonisamide,unknown,,medium
TAS2R49,zonisamide,unknown,,medium
TAS2R5,zonisamide,unknown,,medium
TAS2R50,zonisamide,unknown,,medium
TAS2R7,zonisamide,unknown,,medium
TAS2R8,zonisamide,unknown,,medium
TAS2R9,zonisamide,unknown,,medium
TAS2R1,rifampicin,unknown,,high
TAS2R10,rifampicin,unknown,,high
TAS2R13,rifampicin,unknown,,high
TAS2R14,rifampicin,unknown,,high
TAS2R16,rifampicin,unknown,,high
TAS2R2,rifampicin,unknown,,high
TAS2R3,rifampicin,unknown,,high
TAS2R38,rifampicin,unknown,,high
TAS2R39,rifampicin,unknown,,high
TAS2R4,rifampicin,unknown,,high
TAS2R40,rifampicin,unknown,,high
TAS2R41,rifampicin,unknown,,high
TAS2R42,rifampicin,unknown,,high
TAS2R43,rifampicin,unknown,,high
TAS2R44,rifampicin,unknown,,high
TAS2R46,rifampicin,unknown,,high
TAS2R47,rifampicin,unknown,,high
TAS2R49,rifampicin,unknown,,high
TAS2R5,rifampicin,unknown,,high
TAS2R50,rifampicin,unknown,,high
TAS2R7,rifampicin,unknown,,high
TAS2R8,rifampicin,unknown,,high
TAS2R9,rifampicin,unknown,,high
TAS2R1,linezolid,unknown,,medium
TAS2R10,linezolid,unknown,,medium
TAS2R13,linezolid,unknown,,medium
TAS2R14,linezolid,unknown,,medium
TAS2R16,linezolid,unknown,,medium
TAS2R2,linezolid,unknown,,medium
TAS2R3,linezolid,unknown,,medium
TAS2R38,linezolid,unknown,,medium
TAS2R39,linezolid,unknown,,medium
TAS2R4,linezolid,unknown,,medium
TAS2R40,linezolid,unknown,,medium
TAS2R41,linezolid,unknown,,medium
TAS2R42,linezolid,unknown,,medium
TAS2R43,linezolid,unknown,,medium
TAS2R44,linezolid,unknown,,medium
TAS2R46,linezolid,unknown,,medium
TAS2R47,linezolid,unknown,,medium
TAS2R49,linezolid,unknown,,medium
TAS2R5,linezolid,unknown,,medium
TAS2R50,linezolid,unknown,,medium
TAS2R7,linezolid,unknown,,medium
TAS2R8,linezolid,unknown,,medium
TAS2R9,linezolid,unknown,,medium
TAS2R1,voriconazole,unknown,,medium
TAS2R10,voriconazole,unknown,,medium
TAS2R13,voriconazole,unknown,,medium
TAS2R14,voriconazole,unknown,,medium
TAS2R16,voriconazole,unknown,,medium
TAS2R2,voriconazole,unknown,,medium
TAS2R3,voriconazole,unknown,,medium
TAS2R38,voriconazole,unknown,,medium
TAS2R39,voriconazole,unknown,,medium
TAS2R4,voriconazole,unknown,,medium
TAS2R40,voriconazole,unknown,,medium
TAS2R41,voriconazole,unknown,,medium
TAS2R42,voriconazole,unknown,,medium
TAS2R43,voriconazole,unknown,,medium
TAS2R44,voriconazole,unknown,,medium
TAS2R46,voriconazole,unknown,,medium
TAS2R47,voriconazole,unknown,,medium
TAS2R49,voriconazole,unknown,,medium
TAS2R5,voriconazole,unknown,,medium
TAS2R50,voriconazole,unknown,,medium
TAS2R7,voriconazole,unknown,,medium
TAS2R8,voriconazole,unknown,,medium
TAS2R9,voriconazole,unknown,,medium
TAS2R1,fluconazole,unknown,,medium
TAS2R10,fluconazole,unknown,,medium
TAS2R13,fluconazole,unknown,,medium
TAS2R14,fluconazole,unknown,,medium
TAS2R16,fluconazole,unknown,,medium
TAS2R2,fluconazole,unknown,,medium
TAS2R3,fluconazole,unknown,,medium
TAS2R38,fluconazole,unknown,,medium
TAS2R39,fluconazole,unknown,,medium
TAS2R4,fluconazole,unknown,,medium
TAS2R40,fluconazole,unknown,,medium
TAS2R41,fluconazole,unknown,,medium
TAS2R42,fluconazole,unknown,,medium
TAS2R43,fluconazole,unknown,,medium
TAS2R44,fluconazole,unknown,,medium
TAS2R46,fluconazole,unknown,,medium
TAS2R47,fluconazole,unknown,,medium
TAS2R49,fluconazole,unknown,,medium
TAS2R5,fluconazole,unknown,,medium
TAS2R50,fluconazole,unknown,,medium
TAS2R7,fluconazole,unknown,,medium
TAS2R8,fluconazole,unknown,,medium
TAS2R9,fluconazole,unknown,,medium
TAS2R1,nitrofurantoin,unknown,,medium
TAS2R10,nitrofurantoin,unknown,,medium
TAS2R13,nitrofurantoin,unknown,,medium
TAS2R14,nitrofurantoin,unknown,,medium
TAS2R16,nitrofurantoin,unknown,,medium
TAS2R2,nitrofurantoin,unknown,,medium
TAS2R3,nitrofurantoin,unknown,,medium
TAS2R38,nitrofurantoin,unknown,,medium
TAS2R39,nitrofurantoin,unknown,,medium
TAS2R4,nitrofurantoin,unknown,,medium
TAS2R40,nitrofurantoin,unknown,,medium
TAS2R41,nitrofurantoin,unknown,,medium
TAS2R42,nitrofurantoin,unknown,,medium
TAS2R43,nitrofurantoin,unknown,,medium
TAS2R44,nitrofurantoin,unknown,,medium
TAS2R46,nitrofurantoin,unknown,,medium
TAS2R47,nitrofurantoin,unknown,,medium
TAS2R49,nitrofurantoin,unknown,,medium
TAS2R5,nitrofurantoin,unknown,,medium
TAS2R50,nitrofurantoin,unknown,,medium
TAS2R7,nitrofurantoin,unknown,,medium
TAS2R8,nitrofurantoin,unknown,,medium
TAS2R9,nitrofurantoin,unknown,,medium
TAS2R1,trimethoprim,unknown,,high
TAS2R10,trimethoprim,unknown,,high
TAS2R13,trimethoprim,unknown,,high
TAS2R14,trimethoprim,unknown,,high
TAS2R16,trimethoprim,unknown,,high
TAS2R2,trimethoprim,unknown,,high
TAS2R3,trimethoprim,unknown,,high
TAS2R38,trimethoprim,unknown,,high
TAS2R39,trimethoprim,unknown,,high
TAS2R4,trimethoprim,unknown,,high
TAS2R40,trimethoprim,unknown,,high
TAS2R41,trimethoprim,unknown,,high
TAS2R42,trimethoprim,unknown,,high
TAS2R43,trimethoprim,unknown,,high
TAS2R44,trimethoprim,unknown,,high
TAS2R46,trimethoprim,unknown,,high
TAS2R47,trimethoprim,unknown,,high
TAS2R49,trimethoprim,unknown,,high
TAS2R5,trimethoprim,unknown,,high
TAS2R50,trimethoprim,unknown,,high
TAS2R7,trimethoprim,unknown,,high
TAS2R8,trimethoprim,unknown,,high
TAS2R9,trimethoprim,unknown,,high
TAS2R1,sulfamethoxazole,unknown,,high
TAS2R10,sulfamethoxazole,unknown,,high
TAS2R13,sulfamethoxazole,unknown,,high
TAS2R14,sulfamethoxazole,unknown,,high
TAS2R16,sulfamethoxazole,unknown,,high
TAS2R2,sulfamethoxazole,unknown,,high
TAS2R3,sulfamethoxazole,unknown,,high
TAS2R38,sulfamethoxazole,unknown,,high
TAS2R39,sulfamethoxazole,unknown,,high
TAS2R4,sulfamethoxazole,unknown,,high
TAS2R40,sulfamethoxazole,unknown,,high
TAS2R41,sulfamethoxazole,unknown,,high
TAS2R42,sulfamethoxazole,unknown,,high
TAS2R43,sulfamethoxazole,unknown,,high
TAS2R44,sulfamethoxazole,unknown,,high
TAS2R46,sulfamethoxazole,unknown,,high
TAS2R47,sulfamethoxazole,unknown,,high
TAS2R49,sulfamethoxazole,unknown,,high
TAS2R5,sulfamethoxazole,unknown,,high
TAS2R50,sulfamethoxazole,unknown,,high
TAS2R7,sulfamethoxazole,unknown,,high
TAS2R8,sulfamethoxazole,unknown,,high
TAS2R9,sulfamethoxazole,unknown,,high
TAS2R1,ciclesonide,unknown,,low
TAS2R10,ciclesonide,unknown,,low
TAS2R13,ciclesonide,unknown,,low
TAS2R14,ciclesonide,unknown,,low
TAS2R16,ciclesonide,unknown,,low
TAS2R2,ciclesonide,unknown,,low
TAS2R3,ciclesonide,unknown,,low
TAS2R38,ciclesonide,unknown,,low
TAS2R39,ciclesonide,unknown,,low
TAS2R4,ciclesonide,unknown,,low
TAS2R40,ciclesonide,unknown,,low
TAS2R41,ciclesonide,unknown,,low
TAS2R42,ciclesonide,unknown,,low
TAS2R43,ciclesonide,unknown,,low
TAS2R44,ciclesonide,unknown,,low
TAS2R46,ciclesonide,unknown,,low
TAS2R47,ciclesonide,unknown,,low
TAS2R49,ciclesonide,unknown,,low
TAS2R5,ciclesonide,unknown,,low
TAS2R50,ciclesonide,unknown,,low
TAS2R7,ciclesonide,unknown,,low
TAS2R8,ciclesonide,unknown,,low
TAS2R9,ciclesonide,unknown,,low
TAS2R1,budesonide,unknown,,low
TAS2R10,budesonide,unknown,,low
TAS2R13,budesonide,unknown,,low
TAS2R14,budesonide,unknown,,low
TAS2R16,budesonide,unknown,,low
TAS2R2,budesonide,unknown,,low
TAS2R3,budesonide,unknown,,low
TAS2R38,budesonide,unknown,,low
TAS2R39,budesonide,unknown,,low
TAS2R4,budesonide,unknown,,low
TAS2R40,budesonide,unknown,,low
TAS2R41,budesonide,unknown,,low
TAS2R42,budesonide,unknown,,low
TAS2R43,budesonide,unknown,,low
TAS2R44,budesonide,unknown,,low
TAS2R46,budesonide,unknown,,low
TAS2R47,budesonide,unknown,,low
TAS2R49,budesonide,unknown,,low
TAS2R5,budesonide,unknown,,low
TAS2R50,budesonide,unknown,,low
TAS2R7,budesonide,unknown,,low
TAS2R8,budesonide,unknown,,low
TAS2R9,budesonide,unknown,,low
TAS2R1,fluticasone,unknown,,low
TAS2R10,fluticasone,unknown,,low
TAS2R13,fluticasone,unknown,,low
TAS2R14,fluticasone,unknown,,low
TAS2R16,fluticasone,unknown,,low
TAS2R2,fluticasone,unknown,,low
TAS2R3,fluticasone,unknown,,low
TAS2R38,fluticasone,unknown,,low
TAS2R39,fluticasone,unknown,,low
TAS2R4,fluticasone,unknown,,low
TAS2R40,fluticasone,unknown,,low
TAS2R41,fluticasone,unknown,,low
TAS2R42,fluticasone,unknown,,low
TAS2R43,fluticasone,unknown,,low
TAS2R44,fluticasone,unknown,,low
TAS2R46,fluticasone,unknown,,low
TAS2R47,fluticasone,unknown,,low
TAS2R49,fluticasone,unknown,,low
TAS2R5,fluticasone,unknown,,low
TAS2R50,fluticasone,unknown,,low
TAS2R7,fluticasone,unknown,,low
TAS2R8,fluticasone,unknown,,low
TAS2R9,fluticasone,unknown,,low
TAS2R1,salbutamol,unknown,,low
TAS2R10,salbutamol,unknown,,low
TAS2R13,salbutamol,unknown,,low
TAS2R14,salbutamol,unknown,,low
TAS2R16,salbutamol,unknown,,low
TAS2R2,salbutamol,unknown,,low
TAS2R3,salbutamol,unknown,,low
TAS2R38,salbutamol,unknown,,low
TAS2R39,salbutamol,unknown,,low
TAS2R4,salbutamol,unknown,,low
TAS2R40,salbutamol,unknown,,low
TAS2R41,salbutamol,unknown,,low
TAS2R42,salbutamol,unknown,,low
TAS2R43,salbutamol,unknown,,low
TAS2R44,salbutamol,unknown,,low
TAS2R46,salbutamol,unknown,,low
TAS2R47,salbutamol,unknown,,low
TAS2R49,salbutamol,unknown,,low
TAS2R5,salbutamol,unknown,,low
TAS2R50,salbutamol,unknown,,low
TAS2R7,salbutamol,unknown,,low
TAS2R8,salbutamol,unknown,,low
TAS2R9,salbutamol,unknown,,low
TAS2R1,carvedilol phosphate,unknown,,low
TAS2R10,carvedilol phosphate,unknown,,low
TAS2R13,carvedilol phosphate,unknown,,low
TAS2R14,carvedilol phosphate,unknown,,low
TAS2R16,carvedilol phosphate,unknown,,low
TAS2R2,carvedilol phosphate,unknown,,low
TAS2R3,carvedilol phosphate,unknown,,low
TAS2R38,carvedilol phosphate,unknown,,low
TAS2R39,carvedilol phosphate,unknown,,low
TAS2R4,carvedilol phosphate,unknown,,low
TAS2R40,carvedilol phosphate,unknown,,low
TAS2R41,carvedilol phosphate,unknown,,low
TAS2R42,carvedilol phosphate,unknown,,low
TAS2R43,carvedilol phosphate,unknown,,low
TAS2R44,carvedilol phosphate,unknown,,low
TAS2R46,carvedilol phosphate,unknown,,low
TAS2R47,carvedilol phosphate,unknown,,low
TAS2R49,carvedilol phosphate,unknown,,low
TAS2R5,carvedilol phosphate,unknown,,low
TAS2R50,carvedilol phosphate,unknown,,low
TAS2R7,carvedilol phosphate,unknown,,low
TAS2R8,carvedilol phosphate,unknown,,low
TAS2R9,carvedilol phosphate,unknown,,low
TAS2R1,mesalamine,unknown,,medium
TAS2R10,mesalamine,unknown,,medium
TAS2R13,mesalamine,unknown,,medium
TAS2R14,mesalamine,unknown,,medium
TAS2R16,mesalamine,unknown,,medium
TAS2R2,mesalamine,unknown,,medium
TAS2R3,mesalamine,unknown,,medium
TAS2R38,mesalamine,unknown,,medium
TAS2R39,mesalamine,unknown,,medium
TAS2R4,mesalamine,unknown,,medium
TAS2R40,mesalamine,unknown,,medium
TAS2R41,mesalamine,unknown,,medium
TAS2R42,mesalamine,unknown,,medium
TAS2R43,mesalamine,unknown,,medium
TAS2R44,mesalamine,unknown,,medium
TAS2R46,mesalamine,unknown,,medium
TAS2R47,mesalamine,unknown,,medium
TAS2R49,mesalamine,unknown,,medium
TAS2R5,mesalamine,unknown,,medium
TAS2R50,mesalamine,unknown,,medium
TAS2R7,mesalamine,unknown,,medium
TAS2R8,mesalamine,unknown,,medium
TAS2R9,mesalamine,unknown,,medium
TAS2R1,tacrolimus,unknown,,medium
TAS2R10,tacrolimus,unknown,,medium
TAS2R13,tacrolimus,unknown,,medium
TAS2R14,tacrolimus,unknown,,medium
TAS2R16,tacrolimus,unknown,,medium
TAS2R2,tacrolimus,unknown,,medium
TAS2R3,tacrolimus,unknown,,medium
TAS2R38,tacrolimus,unknown,,medium
TAS2R39,tacrolimus,unknown,,medium
TAS2R4,tacrolimus,unknown,,medium
TAS2R40,tacrolimus,unknown,,medium
TAS2R41,tacrolimus,unknown,,medium
TAS2R42,tacrolimus,unknown,,medium
TAS2R43,tacrolimus,unknown,,medium
TAS2R44,tacrolimus,unknown,,medium
TAS2R46,tacrolimus,unknown,,medium
TAS2R47,tacrolimus,unknown,,medium
TAS2R49,tacrolimus,unknown,,medium
TAS2R5,tacrolimus,unknown,,medium
TAS2R50,tacrolimus,unknown,,medium
TAS2R7,tacrolimus,unknown,,medium
TAS2R8,tacrolimus,unknown,,medium
TAS2R9,tacrolimus,unknown,,medium
TAS2R1,mycophenolate,unknown,,medium
TAS2R10,mycophenolate,unknown,,medium
TAS2R13,mycophenolate,unknown,,medium
TAS2R14,mycophenolate,unknown,,medium
TAS2R16,mycophenolate,unknown,,medium
TAS2R2,mycophenolate,unknown,,medium
TAS2R3,mycophenolate,unknown,,medium
TAS2R38,mycophenolate,unknown,,medium
TAS2R39,mycophenolate,unknown,,medium
TAS2R4,mycophenolate,unknown,,medium
TAS2R40,mycophenolate,unknown,,medium
TAS2R41,mycophenolate,unknown,,medium
TAS2R42,mycophenolate,unknown,,medium
TAS2R43,mycophenolate,unknown,,medium
TAS2R44,mycophenolate,unknown,,medium
TAS2R46,mycophenolate,unknown,,medium
TAS2R47,mycophenolate,unknown,,medium
TAS2R49,mycophenolate,unknown,,medium
TAS2R5,mycophenolate,unknown,,medium
TAS2R50,mycophenolate,unknown,,medium
TAS2R7,mycophenolate,unknown,,medium
TAS2R8,mycophenolate,unknown,,medium
TAS2R9,mycophenolate,unknown,,medium
TAS2R1,hydroxyurea,unknown,,medium
TAS2R10,hydroxyurea,unknown,,medium
TAS2R13,hydroxyurea,unknown,,medium
TAS2R14,hydroxyurea,unknown,,medium
TAS2R16,hydroxyurea,unknown,,medium
TAS2R2,hydroxyurea,unknown,,medium
TAS2R3,hydroxyurea,unknown,,medium
TAS2R38,hydroxyurea,unknown,,medium
TAS2R39,hydroxyurea,unknown,,medium
TAS2R4,hydroxyurea,unknown,,medium
TAS2R40,hydroxyurea,unknown,,medium
TAS2R41,hydroxyurea,unknown,,medium
TAS2R42,hydroxyurea,unknown,,medium
TAS2R43,hydroxyurea,unknown,,medium
TAS2R44,hydroxyurea,unknown,,medium
TAS2R46,hydroxyurea,unknown,,medium
TAS2R47,hydroxyurea,unknown,,medium
TAS2R49,hydroxyurea,unknown,,medium
TAS2R5,hydroxyurea,unknown,,medium
TAS2R50,hydroxyurea,unknown,,medium
TAS2R7,hydroxyurea,unknown,,medium
TAS2R8,hydroxyurea,unknown,,medium
TAS2R9,hydroxyurea,unknown,,medium
TAS2R1,imatinib,unknown,,low
TAS2R10,imatinib,unknown,,low
TAS2R13,imatinib,unknown,,low
TAS2R14,imatinib,unknown,,low
TAS2R16,imatinib,unknown,,low
TAS2R2,imatinib,unknown,,low
TAS2R3,imatinib,unknown,,low
TAS2R38,imatinib,unknown,,low
TAS2R39,imatinib,unknown,,low
TAS2R4,imatinib,unknown,,low
TAS2R40,imatinib,unknown,,low
TAS2R41,imatinib,unknown,,low
TAS2R42,imatinib,unknown,,low
TAS2R43,imatinib,unknown,,low
TAS2R44,imatinib,unknown,,low
TAS2R46,imatinib,unknown,,low
TAS2R47,imatinib,unknown,,low
TAS2R49,imatinib,unknown,,low
TAS2R5,imatinib,unknown,,low
TAS2R50,imatinib,unknown,,low
TAS2R7,imatinib,unknown,,low
TAS2R8,imatinib,unknown,,low
TAS2R9,imatinib,unknown,,low
TAS2R1,lenalidomide,unknown,,low
TAS2R10,lenalidomide,unknown,,low
TAS2R13,lenalidomide,unknown,,low
TAS2R14,lenalidomide,unknown,,low
TAS2R16,lenalidomide,unknown,,low
TAS2R2,lenalidomide,unknown,,low
TAS2R3,lenalidomide,unknown,,low
TAS2R38,lenalidomide,unknown,,low
TAS2R39,lenalidomide,unknown,,low
TAS2R4,lenalidomide,unknown,,low
TAS2R40,lenalidomide,unknown,,low
TAS2R41,lenalidomide,unknown,,low
TAS2R42,lenalidomide,unknown,,low
TAS2R43,lenalidomide,unknown,,low
TAS2R44,lenalidomide,unknown,,low
TAS2R46,lenalidomide,unknown,,low
TAS2R47,lenalidomide,unknown,,low
TAS2R49,lenalidomide,unknown,,low
TAS2R5,lenalidomide,unknown,,low
TAS2R50,lenalidomide,unknown,,low
TAS2R7,lenalidomide,unknown,,low
TAS2R8,lenalidomide,unknown,,low
TAS2R9,lenalidomide,unknown,,low
TAS2R1,sacubitril valsartan,unknown,,low
TAS2R10,sacubitril valsartan,unknown,,low
TAS2R13,sacubitril valsartan,unknown,,low
TAS2R14,sacubitril valsartan,unknown,,low
TAS2R16,sacubitril valsartan,unknown,,low
TAS2R2,sacubitril valsartan,unknown,,low
TAS2R3,sacubitril valsartan,unknown,,low
TAS2R38,sacubitril valsartan,unknown,,low
TAS2R39,sacubitril valsartan,unknown,,low
TAS2R4,sacubitril valsartan,unknown,,low
TAS2R40,sacubitril valsartan,unknown,,low
TAS2R41,sacubitril valsartan,unknown,,low
TAS2R42,sacubitril valsartan,unknown,,low
TAS2R43,sacubitril valsartan,unknown,,low
TAS2R44,sacubitril valsartan,unknown,,low
TAS2R46,sacubitril valsartan,unknown,,low
TAS2R47,sacubitril valsartan,unknown,,low
TAS2R49,sacubitril valsartan,unknown,,low
TAS2R5,sacubitril valsartan,unknown,,low
TAS2R50,sacubitril valsartan,unknown,,low
TAS2R7,sacubitril valsartan,unknown,,low
TAS2R8,sacubitril valsartan,unknown,,low
TAS2R9,sacubitril valsartan,unknown,,low
TAS2R1,fenofibrate,unknown,,low
TAS2R10,fenofibrate,unknown,,low
TAS2R13,fenofibrate,unknown,,low
TAS2R14,fenofibrate,unknown,,low
TAS2R16,fenofibrate,unknown,,low
TAS2R2,fenofibrate,unknown,,low
TAS2R3,fenofibrate,unknown,,low
TAS2R38,fenofibrate,unknown,,low
TAS2R39,fenofibrate,unknown,,low
TAS2R4,fenofibrate,unknown,,low
TAS2R40,fenofibrate,unknown,,low
TAS2R41,fenofibrate,unknown,,low
TAS2R42,fenofibrate,unknown,,low
TAS2R43,fenofibrate,unknown,,low
TAS2R44,fenofibrate,unknown,,low
TAS2R46,fenofibrate,unknown,,low
TAS2R47,fenofibrate,unknown,,low
TAS2R49,fenofibrate,unknown,,low
TAS2R5,fenofibrate,unknown,,low
TAS2R50,fenofibrate,unknown,,low
TAS2R7,fenofibrate,unknown,,low
TAS2R8,fenofibrate,unknown,,low
TAS2R9,fenofibrate,unknown,,low
TAS2R1,potassium iodide,unknown,,high
TAS2R10,potassium iodide,unknown,,high
TAS2R13,potassium iodide,unknown,,high
TAS2R14,potassium iodide,unknown,,high
TAS2R16,potassium iodide,unknown,,high
TAS2R2,potassium iodide,unknown,,high
TAS2R3,potassium iodide,unknown,,high
TAS2R38,potassium iodide,unknown,,high
TAS2R39,potassium iodide,unknown,,high
TAS2R4,potassium iodide,unknown,,high
TAS2R40,potassium iodide,unknown,,high
TAS2R41,potassium iodide,unknown,,high
TAS2R42,potassium iodide,unknown,,high
TAS2R43,potassium iodide,unknown,,high
TAS2R44,potassium iodide,unknown,,high
TAS2R46,potassium iodide,unknown,,high
TAS2R47,potassium iodide,unknown,,high
TAS2R49,potassium iodide,unknown,,high
TAS2R5,potassium iodide,unknown,,high
TAS2R50,potassium iodide,unknown,,high
TAS2R7,potassium iodide,unknown,,high
TAS2R8,potassium iodide,unknown,,high
TAS2R9,potassium iodide,unknown,,high
TAS2R1,chlorphenamine,unknown,,high
TAS2R10,chlorphenamine,unknown,,high
TAS2R13,chlorphenamine,unknown,,high
TAS2R14,chlorphenamine,unknown,,high
TAS2R16,chlorphenamine,unknown,,high
TAS2R2,chlorphenamine,unknown,,high
TAS2R3,chlorphenamine,unknown,,high
TAS2R38,chlorphenamine,unknown,,high
TAS2R39,chlorphenamine,unknown,,high
TAS2R4,chlorphenamine,unknown,,high
TAS2R40,chlorphenamine,unknown,,high
TAS2R41,chlorphenamine,unknown,,high
TAS2R42,chlorphenamine,unknown,,high
TAS2R43,chlorphenamine,unknown,,high
TAS2R44,chlorphenamine,unknown,,high
TAS2R46,chlorphenamine,unknown,,high
TAS2R47,chlorphenamine,unknown,,high
TAS2R49,chlorphenamine,unknown,,high
TAS2R5,chlorphenamine,unknown,,high
TAS2R50,chlorphenamine,unknown,,high
TAS2R7,chlorphenamine,unknown,,high
TAS2R8,chlorphenamine,unknown,,high
TAS2R9,chlorphenamine,unknown,,high
TAS2R1,dimenhydrinate,unknown,,medium
TAS2R10,dimenhydrinate,unknown,,medium
TAS2R13,dimenhydrinate,unknown,,medium
TAS2R14,dimenhydrinate,unknown,,medium
TAS2R16,dimenhydrinate,unknown,,medium
TAS2R2,dimenhydrinate,unknown,,medium
TAS2R3,dimenhydrinate,unknown,,medium
TAS2R38,dimenhydrinate,unknown,,medium
TAS2R39,dimenhydrinate,unknown,,medium
TAS2R4,dimenhydrinate,unknown,,medium
TAS2R40,dimenhydrinate,unknown,,medium
TAS2R41,dimenhydrinate,unknown,,medium
TAS2R42,dimenhydrinate,unknown,,medium
TAS2R43,dimenhydrinate,unknown,,medium
TAS2R44,dimenhydrinate,unknown,,medium
TAS2R46,dimenhydrinate,unknown,,medium
TAS2R47,dimenhydrinate,unknown,,medium
TAS2R49,dimenhydrinate,unknown,,medium
TAS2R5,dimenhydrinate,unknown,,medium
TAS2R50,dimenhydrinate,unknown,,medium
TAS2R7,dimenhydrinate,unknown,,medium
TAS2R8,dimenhydrinate,unknown,,medium
TAS2R9,dimenhydrinate,unknown,,medium
TAS2R1,meclizine,unknown,,medium
TAS2R10,meclizine,unknown,,medium
TAS2R13,meclizine,unknown,,medium
TAS2R14,meclizine,unknown,,medium
TAS2R16,meclizine,unknown,,medium
TAS2R2,meclizine,unknown,,medium
TAS2R3,meclizine,unknown,,medium
TAS2R38,meclizine,unknown,,medium
TAS2R39,meclizine,unknown,,medium
TAS2R4,meclizine,unknown,,medium
TAS2R40,meclizine,unknown,,medium
TAS2R41,meclizine,unknown,,medium
TAS2R42,meclizine,unknown,,medium
TAS2R43,meclizine,unknown,,medium
TAS2R44,meclizine,unknown,,medium
TAS2R46,meclizine,unknown,,medium
TAS2R47,meclizine,unknown,,medium
TAS2R49,meclizine,unknown,,medium
TAS2R5,meclizine,unknown,,medium
TAS2R50,meclizine,unknown,,medium
TAS2R7,meclizine,unknown,,medium
TAS2R8,meclizine,unknown,,medium
TAS2R9,meclizine,unknown,,medium
TAS2R1,ursodeoxycholic acid,unknown,,medium
TAS2R10,ursodeoxycholic acid,unknown,,medium
TAS2R13,ursodeoxycholic acid,unknown,,medium
TAS2R14,ursodeoxycholic acid,unknown,,medium
TAS2R16,ursodeoxycholic acid,unknown,,medium
TAS2R2,ursodeoxycholic acid,unknown,,medium
TAS2R3,ursodeoxycholic acid,unknown,,medium
TAS2R38,ursodeoxycholic acid,unknown,,medium
TAS2R39,ursodeoxycholic acid,unknown,,medium
TAS2R4,ursodeoxycholic acid,unknown,,medium
TAS2R40,ursodeoxycholic acid,unknown,,medium
TAS2R41,ursodeoxycholic acid,unknown,,medium
TAS2R42,ursodeoxycholic acid,unknown,,medium
TAS2R43,ursodeoxycholic acid,unknown,,medium
TAS2R44,ursodeoxycholic acid,unknown,,medium
TAS2R46,ursodeoxycholic acid,unknown,,medium
TAS2R47,ursodeoxycholic acid,unknown,,medium
TAS2R49,ursodeoxycholic acid,unknown,,medium
TAS2R5,ursodeoxycholic acid,unknown,,medium
TAS2R50,ursodeoxycholic acid,unknown,,medium
TAS2R7,ursodeoxycholic acid,unknown,,medium
TAS2R8,ursodeoxycholic acid,unknown,,medium
TAS2R9,ursodeoxycholic acid,unknown,,medium
TAS2R1,lactulose,unknown,,high
TAS2R10,lactulose,unknown,,high
TAS2R13,lactulose,unknown,,high
TAS2R14,lactulose,unknown,,high
TAS2R16,lactulose,unknown,,high
TAS2R2,lactulose,unknown,,high
TAS2R3,lactulose,unknown,,high
TAS2R38,lactulose,unknown,,high
TAS2R39,lactulose,unknown,,high
TAS2R4,lactulose,unknown,,high
TAS2R40,lactulose,unknown,,high
TAS2R41,lactulose,unknown,,high
TAS2R42,lactulose,unknown,,high
TAS2R43,lactulose,unknown,,high
TAS2R44,lactulose,unknown,,high
TAS2R46,lactulose,unknown,,high
TAS2R47,lactulose,unknown,,high
TAS2R49,lactulose,unknown,,high
TAS2R5,lactulose,unknown,,high
TAS2R50,lactulose,unknown,,high
TAS2R7,lactulose,unknown,,high
TAS2R8,lactulose,unknown,,high
TAS2R9,lactulose,unknown,,high
TAS2R1,sodium picosulfate,unknown,,medium
TAS2R10,sodium picosulfate,unknown,,medium
TAS2R13,sodium picosulfate,unknown,,medium
TAS2R14,sodium picosulfate,unknown,,medium
TAS2R16,sodium picosulfate,unknown,,medium
TAS2R2,sodium picosulfate,unknown,,medium
TAS2R3,sodium picosulfate,unknown,,medium
TAS2R38,sodium picosulfate,unknown,,medium
TAS2R39,sodium picosulfate,unknown,,medium
TAS2R4,sodium picosulfate,unknown,,medium
TAS2R40,sodium picosulfate,unknown,,medium
TAS2R41,sodium picosulfate,unknown,,medium
TAS2R42,sodium picosulfate,unknown,,medium
TAS2R43,sodium picosulfate,unknown,,medium
TAS2R44,sodium picosulfate,unknown,,medium
TAS2R46,sodium picosulfate,unknown,,medium
TAS2R47,sodium picosulfate,unknown,,medium
TAS2R49,sodium picosulfate,unknown,,medium
TAS2R5,sodium picosulfate,unknown,,medium
TAS2R50,sodium picosulfate,unknown,,medium
TAS2R7,sodium picosulfate,unknown,,medium
TAS2R8,sodium picosulfate,unknown,,medium
TAS2R9,sodium picosulfate,unknown,,medium
TAS2R1,prucalopride,unknown,,low
TAS2R10,prucalopride,unknown,,low
TAS2R13,prucalopride,unknown,,low
TAS2R14,prucalopride,unknown,,low
TAS2R16,prucalopride,unknown,,low
TAS2R2,prucalopride,unknown,,low
TAS2R3,prucalopride,unknown,,low
TAS2R38,prucalopride,unknown,,low
TAS2R39,prucalopride,unknown,,low
TAS2R4,prucalopride,unknown,,low
TAS2R40,prucalopride,unknown,,low
TAS2R41,prucalopride,unknown,,low
TAS2R42,prucalopride,unknown,,low
TAS2R43,prucalopride,unknown,,low
TAS2R44,prucalopride,unknown,,low
TAS2R46,prucalopride,unknown,,low
TAS2R47,prucalopride,unknown,,low
TAS2R49,prucalopride,unknown,,low
TAS2R5,prucalopride,unknown,,low
TAS2R50,prucalopride,unknown,,low
TAS2R7,prucalopride,unknown,,low
TAS2R8,prucalopride,unknown,,low
TAS2R9,prucalopride,unknown,,low
TAS2R1,chlordiazepoxide,unknown,,medium
TAS2R10,chlordiazepoxide,unknown,,medium
TAS2R13,chlordiazepoxide,unknown,,medium
TAS2R14,chlordiazepoxide,unknown,,medium
TAS2R16,chlordiazepoxide,unknown,,medium
TAS2R2,chlordiazepoxide,unknown,,medium
TAS2R3,chlordiazepoxide,unknown,,medium
TAS2R38,chlordiazepoxide,unknown,,medium
TAS2R39,chlordiazepoxide,unknown,,medium
TAS2R4,chlordiazepoxide,unknown,,medium
TAS2R40,chlordiazepoxide,unknown,,medium
TAS2R41,chlordiazepoxide,unknown,,medium
TAS2R42,chlordiazepoxide,unknown,,medium
TAS2R43,chlordiazepoxide,unknown,,medium
TAS2R44,chlordiazepoxide,unknown,,medium
TAS2R46,chlordiazepoxide,unknown,,medium
TAS2R47,chlordiazepoxide,unknown,,medium
TAS2R49,chlordiazepoxide,unknown,,medium
TAS2R5,chlordiazepoxide,unknown,,medium
TAS2R50,chlordiazepoxide,unknown,,medium
TAS2R7,chlordiazepoxide,unknown,,medium
TAS2R8,chlordiazepoxide,unknown,,medium
TAS2R9,chlordiazepoxide,unknown,,medium
TAS2R1,diazepam,unknown,,medium
TAS2R10,diazepam,unknown,,medium
TAS2R13,diazepam,unknown,,medium
TAS2R14,diazepam,unknown,,medium
TAS2R16,diazepam,unknown,,medium
TAS2R2,diazepam,unknown,,medium
TAS2R3,diazepam,unknown,,medium
TAS2R38,diazepam,unknown,,medium
TAS2R39,diazepam,unknown,,medium
TAS2R4,diazepam,unknown,,medium
TAS2R40,diazepam,unknown,,medium
TAS2R41,diazepam,unknown,,medium
TAS2R42,diazepam,unknown,,medium
TAS2R43,diazepam,unknown,,medium
TAS2R44,diazepam,unknown,,medium
TAS2R46,diazepam,unknown,,medium
TAS2R47,diazepam,unknown,,medium
TAS2R49,diazepam,unknown,,medium
TAS2R5,diazepam,unknown,,medium
TAS2R50,diazepam,unknown,,medium
TAS2R7,diazepam,unknown,,medium
TAS2R8,diazepam,unknown,,medium
TAS2R9,diazepam,unknown,,medium
TAS2R1,lorazepam,unknown,,medium
TAS2R10,lorazepam,unknown,,medium
TAS2R13,lorazepam,unknown,,medium
TAS2R14,lorazepam,unknown,,medium
TAS2R16,lorazepam,unknown,,medium
TAS2R2,lorazepam,unknown,,medium
TAS2R3,lorazepam,unknown,,medium
TAS2R38,lorazepam,unknown,,medium
TAS2R39,lorazepam,unknown,,medium
TAS2R4,lorazepam,unknown,,medium
TAS2R40,lorazepam,unknown,,medium
TAS2R41,lorazepam,unknown,,medium
TAS2R42,lorazepam,unknown,,medium
TAS2R43,lorazepam,unknown,,medium
TAS2R44,lorazepam,unknown,,medium
TAS2R46,lorazepam,unknown,,medium
TAS2R47,lorazepam,unknown,,medium
TAS2R49,lorazepam,unknown,,medium
TAS2R5,lorazepam,unknown,,medium
TAS2R50,lorazepam,unknown,,medium
TAS2R7,lorazepam,unknown,,medium
TAS2R8,lorazepam,unknown,,medium
TAS2R9,lorazepam,unknown,,medium
TAS2R1,alprazolam,unknown,,medium
TAS2R10,alprazolam,unknown,,medium
TAS2R13,alprazolam,unknown,,medium
TAS2R14,alprazolam,unknown,,medium
TAS2R16,alprazolam,unknown,,medium
TAS2R2,alprazolam,unknown,,medium
TAS2R3,alprazolam,unknown,,medium
TAS2R38,alprazolam,unknown,,medium
TAS2R39,alprazolam,unknown,,medium
TAS2R4,alprazolam,unknown,,medium
TAS2R40,alprazolam,unknown,,medium
TAS2R41,alprazolam,unknown,,medium
TAS2R42,alprazolam,unknown,,medium
TAS2R43,alprazolam,unknown,,medium
TAS2R44,alprazolam,unknown,,medium
TAS2R46,alprazolam,unknown,,medium
TAS2R47,alprazolam,unknown,,medium
TAS2R49,alprazolam,unknown,,medium
TAS2R5,alprazolam,unknown,,medium
TAS2R50,alprazolam,unknown,,medium
TAS2R7,alprazolam,unknown,,medium
TAS2R8,alprazolam,unknown,,medium
TAS2R9,alprazolam,unknown,,medium
TAS2R1,zolpidem,unknown,,low
TAS2R10,zolpidem,unknown,,low
TAS2R13,zolpidem,unknown,,low
TAS2R14,zolpidem,unknown,,low
TAS2R16,zolpidem,unknown,,low
TAS2R2,zolpidem,unknown,,low
TAS2R3,zolpidem,unknown,,low
TAS2R38,zolpidem,unknown,,low
TAS2R39,zolpidem,unknown,,low
TAS2R4,zolpidem,unknown,,low
TAS2R40,zolpidem,unknown,,low
TAS2R41,zolpidem,unknown,,low
TAS2R42,zolpidem,unknown,,low
TAS2R43,zolpidem,unknown,,low
TAS2R44,zolpidem,unknown,,low
TAS2R46,zolpidem,unknown,,low
TAS2R47,zolpidem,unknown,,low
TAS2R49,zolpidem,unknown,,low
TAS2R5,zolpidem,unknown,,low
TAS2R50,zolpidem,unknown,,low
TAS2R7,zolpidem,unknown,,low
TAS2R8,zolpidem,unknown,,low
TAS2R9,zolpidem,unknown,,low
TAS2R1,eszopiclone,unknown,,high
TAS2R10,eszopiclone,unknown,,high
TAS2R13,eszopiclone,unknown,,high
TAS2R14,eszopiclone,unknown,,high
TAS2R16,eszopiclone,unknown,,high
TAS2R2,eszopiclone,unknown,,high
TAS2R3,eszopiclone,unknown,,high
TAS2R38,eszopiclone,unknown,,high
TAS2R39,eszopiclone,unknown,,high
TAS2R4,eszopiclone,unknown,,high
TAS2R40,eszopiclone,unknown,,high
TAS2R41,eszopiclone,unknown,,high
TAS2R42,eszopiclone,unknown,,high
TAS2R43,eszopiclone,unknown,,high
TAS2R44,eszopiclone,unknown,,high
TAS2R46,eszopiclone,unknown,,high
TAS2R47,eszopiclone,unknown,,high
TAS2R49,eszopiclone,unknown,,high
TAS2R5,eszopiclone,unknown,,high
TAS2R50,eszopiclone,unknown,,high
TAS2R7,eszopiclone,unknown,,high
TAS2R8,eszopiclone,unknown,,high
TAS2R9,eszopiclone,unknown,,high
TAS2R1,melatonin,unknown,,low
TAS2R10,melatonin,unknown,,low
TAS2R13,melatonin,unknown,,low
TAS2R14,melatonin,unknown,,low
TAS2R16,melatonin,unknown,,low
TAS2R2,melatonin,unknown,,low
TAS2R3,melatonin,unknown,,low
TAS2R38,melatonin,unknown,,low
TAS2R39,melatonin,unknown,,low
TAS2R4,melatonin,unknown,,low
TAS2R40,melatonin,unknown,,low
TAS2R41,melatonin,unknown,,low
TAS2R42,melatonin,unknown,,low
TAS2R43,melatonin,unknown,,low
TAS2R44,melatonin,unknown,,low
TAS2R46,melatonin,unknown,,low
TAS2R47,melatonin,unknown,,low
TAS2R49,melatonin,unknown,,low
TAS2R5,melatonin,unknown,,low
TAS2R50,melatonin,unknown,,low
TAS2R7,melatonin,unknown,,low
TAS2R8,melatonin,unknown,,low
TAS2R9,melatonin,unknown,,low
